model_name,engine_type,engine_power,max_speed,cruise_speed,stall_speed,fuel_tank,all_eng_roc,out_eng_roc,takeoff_distance,landing_distance,empty_weight,length,wing_span,range,price
100 Darter (S.L. Industries),Piston,4.976733742420574,4.6443908991413725,4.51085950651685,46.0,3.58351893845611,6.1092475827643655,6.802394763324311,7.170119543449628,7.6255950721324535,7.07326971745971,5.713732805509369,6.1070228877422545,5.91350300563827,14.077874822431765
7 CCM Champ,Piston,4.442651256490317,4.48863636973214,4.418840607796598,44.0,2.70805020110221,6.396929655216146,6.579251212010101,6.684611727667927,7.2078598714324755,6.709304340258298,5.5093883366279774,6.07073772800249,5.247024072160486,14.0225247273486
100 Darter (S.L. Industries),Piston,4.499809670330265,4.499809670330265,4.356708826689592,37.0,2.9444389791664403,6.476972362889683,6.163314804034641,6.745236349484363,7.170119543449628,6.697034247666484,5.54907608489522,6.040254711277414,5.3471075307174685,14.28551418721001
7 AC Champ,Piston,4.442651256490317,4.477336814478207,4.356708826689592,37.0,2.9444389791664403,6.429719478039138,6.214608098422191,6.745236349484363,7.170119543449628,6.684611727667927,5.54907608489522,6.040254711277414,5.3471075307174685,14.077874822431765
100 Darter (S.L. Industries),Piston,4.174387269895637,4.418840607796598,4.30406509320417,33.0,2.6390573296152584,5.91350300563827,6.448889394146858,6.785587645007929,7.106606137727303,6.606650186198215,5.54907608489522,6.040254711277414,5.1647859739235145,14.038654109278484
PA-60-700P Aerostar (preliminary),Piston,4.174387269895637,4.356708826689592,4.276666119016055,33.0,2.70805020110221,5.886104031450156,6.368187186350492,6.779921907472252,7.1308988302963465,6.666956792429207,5.497168225293202,6.07073772800249,5.19295685089021,13.9108207377686
"PA-601P pressurized Aerostar ('77 service ceiling=26,350)",Piston,5.857933154483459,5.575949103146316,5.438079308923196,80.0,5.10594547390058,7.506591780070841,8.03268487596762,7.649692623711514,8.750683034784592,8.360539381370861,6.035481432524756,6.0867747269123065,6.7661917146603505,14.73180128983843
100 Darter (S.L. Industries),Piston,5.66988092298052,5.568344503761097,5.5093883366279774,77.0,5.10594547390058,7.470224135899966,7.718685495198466,7.638198244285779,8.699514748210191,8.324821298768782,6.0330862217988015,6.0844994130751715,6.927557906278317,14.845129975145433
"PA-601, 601A, turbochg Aerostar",Piston,5.66988092298052,5.54907608489522,5.459585514144159,77.0,5.10594547390058,7.286191714702382,7.820037989458753,7.615791072035833,8.699514748210191,8.30795254527102,6.035481432524756,6.0867747269123065,7.00397413672268,14.73180128983843
100 Darter (S.L. Industries),Piston,5.66988092298052,5.54907608489522,5.4680601411351315,77.0,5.10594547390058,7.286191714702382,7.820037989458753,7.615791072035833,8.699514748210191,8.28349412616251,6.035481432524756,6.0867747269123065,7.068172000388042,14.914122846632385
G164B-600 AG-CAT (design category) sprayer,Piston,5.66988092298052,5.602118820879701,5.4638318050256105,69.0,5.159055299214529,7.438383530044307,7.696212639346407,7.393263094763838,8.648221453822641,8.229511118964457,6.035481432524756,6.016157159698354,7.068172000388042,14.917450636725059
100 Darter (S.L. Industries),Piston,5.66988092298052,5.393627546352362,5.356586274672012,74.0,5.10594547390058,7.495541943884256,7.575584651557793,7.517520850603031,8.612503371220562,8.226038429485484,6.035481432524756,6.016157159698354,7.090076835776092,14.566926646648195
100 Darter (S.L. Industries),Piston,6.396929655216146,4.852030263919617,4.564348191467836,59.0,3.828641396489095,7.3777589082278725,6.756932389247553,6.646390514847729,8.411832675758411,8.058327306580958,5.676753802268282,6.066108090103747,4.997212273764115,14.187074114396758
A-2,Piston,6.1092475827643655,4.852030263919617,4.51085950651685,52.0,3.828641396489095,6.966024187106113,6.993932975223189,7.047517221357296,8.411832675758411,8.039157390473237,5.726847747587197,6.2285110035911835,5.247024072160486,14.187074114396758
100 Darter (S.L. Industries),Piston,6.1092475827643655,4.852030263919617,4.51085950651685,58.0,3.828641396489095,6.897704943128636,7.0431599159883405,6.620073206530356,8.411832675758411,7.962067308753666,5.676753802268282,6.066108090103747,5.247024072160486,14.151982794585487
415-G,Piston,5.703782474656201,4.852030263919617,4.30406509320417,54.0,3.828641396489095,6.551080335043404,7.090076835776092,6.907755278982137,8.229511118964457,7.787382026484701,5.676753802268282,6.059123195581797,5.420534999272286,13.955272500339433
CH-601-XL/i/650-LS/i,Piston,5.616771097666572,4.736198448394496,4.30406509320417,54.0,3.4965075614664802,6.396929655216146,7.150701457592526,6.907755278982137,8.229511118964457,7.783224016336037,5.676753802268282,6.059123195581797,4.762173934797756,13.840203170554645
8KCAB-150 F/P prop(w/optional speed kit),Piston,5.501258210544727,4.736198448394496,4.248495242049359,54.0,3.4965075614664802,6.206575926724928,7.170119543449628,6.907755278982137,8.229511118964457,7.7406644019172415,5.676753802268282,6.059123195581797,5.159055299214529,13.652991628466498
7KCAB,Piston,5.393627546352362,4.736198448394496,4.248495242049359,48.0,3.4965075614664802,6.075346031088684,7.215239978730097,6.907755278982137,8.1886891244442,7.696212639346407,5.676753802268282,6.059123195581797,5.247024072160486,13.458835614025542
7GCAA,Piston,4.499809670330265,4.718498871295094,4.68213122712422,37.0,3.1780538303479458,6.461468176353717,7.003065458786462,7.090076835776092,7.27931883541462,6.835184586147301,5.488937726156687,5.886104031450156,6.016157159698354,14.363631966473962
100 Darter (S.L. Industries),Piston,4.499809670330265,4.727387818712341,4.6443908991413725,50.0,3.1780538303479458,6.396929655216146,7.495541943884256,7.3777589082278725,7.24422751560335,6.802394763324311,5.484796933490655,5.886104031450156,5.991464547107982,14.28551418721001
7GCBC with EDO floats,Piston,4.442651256490317,4.59511985013459,4.564348191467836,50.0,3.1780538303479458,6.309918278226516,7.649692623711514,7.52294091807237,7.24422751560335,6.725033642166843,5.484796933490655,5.886104031450156,5.886104031450156,14.115615150414612
7EC,Piston,4.605170185988092,4.787491742782046,4.727387818712341,38.0,3.4011973816621555,6.907755278982137,7.441906728051625,7.329749689041512,7.1853870155804165,6.646390514847729,5.480638923341991,5.780743515792329,6.5722825426940075,13.997832114758229
Starship 2000 (2000A=increased spds & weights),Piston,5.0106352940962555,4.990432586778736,4.919980925828125,52.0,3.6888794541139363,6.907755278982137,7.441906728051625,7.329749689041512,7.495541943884256,7.138866999945524,5.616771097666572,5.950642552587727,6.0014148779611505,14.28551418721001
King Air 260,Piston,5.0106352940962555,4.7535901911063645,4.6913478822291435,43.0,3.6635616461296463,7.02108396428914,6.282266746896006,6.626717749249025,7.408530566894626,7.038783541388542,5.602118820879701,6.023447592961033,6.018593214496234,14.346138809026444
B200 Super King Air,Piston,5.0106352940962555,4.6913478822291435,4.634728988229636,37.0,3.6109179126442243,7.038783541388542,6.424869023905388,6.576469569048224,7.408530566894626,6.956545443151569,5.60947179518496,6.023447592961033,6.018593214496234,14.408837403242009
100 Darter (S.L. Industries),Piston,5.0106352940962555,4.727387818712341,4.6913478822291435,43.0,3.6635616461296463,7.02108396428914,6.282266746896006,6.626717749249025,7.408530566894626,7.038783541388542,5.605802066295998,5.993961427306569,6.018593214496234,14.346138809026444
"B100 King Air (prior '79 serv. ceiling=29,100)",Piston,5.0106352940962555,4.727387818712341,4.709530201312334,39.0,3.5553480614894135,7.0431599159883405,6.124683390894205,6.536691597591305,7.408530566894626,7.047517221357296,5.605802066295998,6.018593214496234,6.173786103901937,14.346138809026444
100 Darter (S.L. Industries),Piston,5.0106352940962555,4.574710978503383,4.499809670330265,46.0,3.6635616461296463,6.684611727667927,7.441906728051625,7.329749689041512,7.495541943884256,7.162397497355718,5.602118820879701,6.025865973825314,5.5134287461649825,14.28551418721001
100 King Air,Piston,4.74493212836325,4.6913478822291435,4.672828834461906,44.0,3.5553480614894135,6.586171654854675,6.573680166960646,6.652863029353347,7.408530566894626,6.9726062513017535,5.605802066295998,5.993961427306569,5.707110264748875,13.997832114758229
100 Darter (S.L. Industries),Piston,4.499809670330265,4.762173934797756,4.574710978503383,38.0,3.258096538021482,6.551080335043404,7.122866658599083,6.551080335043404,7.27931883541462,6.709304340258298,5.552959584921617,6.042632833682381,5.857933154483459,14.253765488895429
F90 King Air,Piston,4.0943445622221,4.442651256490317,4.31748811353631,38.0,2.5649493574615367,5.991464547107982,6.745236349484363,7.329749689041512,7.106606137727303,6.620073206530356,5.572154032177765,6.042632833682381,5.564520407322694,13.652991628466498
"C90A King Air (LJ-1063 up) (10,100 g/w=SN1138 up)",Piston,5.075173815233827,5.123963979403259,5.075173815233827,63.0,4.382026634673881,7.05617528410041,7.498315870766981,7.1929342212158,8.242756345714477,7.858640655620791,5.872117789475416,6.089044875446846,6.522092798170152,14.369395671190711
100 Darter (S.L. Industries),Piston,5.19295685089021,4.997212273764115,4.9344739331306915,53.0,3.9318256327243257,6.745236349484363,7.346010209913293,7.02108396428914,7.783224016336037,7.215239978730097,5.575949103146316,5.934894195619588,6.272877006546167,14.137594057133388
100 Darter (S.L. Industries),Piston,5.0106352940962555,4.912654885736052,4.844187086458591,52.0,3.6109179126442243,6.492239835020471,7.3777589082278725,7.003065458786462,7.696212639346407,7.187657164114956,5.575949103146316,5.934894195619588,6.059123195581797,14.050582680143757
A 90 King Air,Piston,5.0106352940962555,4.867534450455582,4.804021044733257,50.0,3.6375861597263857,6.492239835020471,7.3777589082278725,7.003065458786462,7.696212639346407,7.147559271189454,5.575949103146316,5.932245187448011,6.220590170099739,14.050582680143757
100 Darter (S.L. Industries),Piston,4.68213122712422,4.787491742782046,4.68213122712422,52.0,3.1780538303479458,6.558197802812269,7.371489295214277,7.003065458786462,7.352441100243583,6.882437470997847,5.438079308923196,5.680172609017068,5.8522024797744745,14.058456736574664
88 Queen Air pressurized,Piston,4.68213122712422,4.787491742782046,4.6913478822291435,51.0,3.1780538303479458,6.639875833826536,7.24422751560335,6.970730078143525,7.313220387090301,6.914730892718563,5.442417710521793,5.680172609017068,5.857933154483459,14.133964289082808
B 80 Queen Air - specs thru 1972,Piston,4.605170185988092,4.499809670330265,4.430816798843313,33.0,2.995732273553991,6.551080335043404,7.441906728051625,7.329749689041512,7.1853870155804165,6.739336627357174,5.594711379601839,6.054439346269371,5.616771097666572,14.22097566607244
80 Queen Air,Piston,5.19295685089021,4.836281906951478,4.727387818712341,36.0,3.9512437185814275,7.313220387090301,7.441906728051625,7.329749689041512,7.495541943884256,7.081708586105575,5.602118820879701,6.054439346269371,6.54534966033442,14.508657738524219
A 65 Queen Air,Piston,6.396929655216146,4.804021044733257,4.564348191467836,61.0,3.9889840465642745,6.907755278982137,7.090076835776092,6.684611727667927,8.699514748210191,8.131530710604252,5.863631175598097,6.2766434893416445,5.616771097666572,14.22097566607244
B 60 Duke pressurized (prior '78 t/o run=2006),Piston,6.396929655216146,4.804021044733257,4.68213122712422,57.0,4.605170185988092,6.802394763324311,7.441906728051625,7.329749689041512,8.699514748210191,8.216088098632316,5.863631175598097,6.2766434893416445,5.616771097666572,14.22097566607244
60 Duke Pressurized,Propjet,6.620073206530356,4.927253685157205,4.867534450455582,57.0,5.247024072160486,7.461640392208575,7.441906728051625,7.329749689041512,8.699514748210191,8.1886891244442,5.981414211254481,6.278521424165844,6.300785794663244,14.73180128983843
100 Darter (S.L. Industries),Propjet,6.956545443151569,5.062595033026967,4.836281906951478,52.0,5.375278407684165,6.476972362889683,7.441906728051625,7.329749689041512,9.433483923290392,8.67060073804555,5.996452088619021,6.082218910376446,6.396929655216146,13.592367006650065
C 50 Twin Bonanza,Propjet,7.090076835776092,5.814130531825066,5.793013608384144,56.0,6.327936783729195,8.078688229229872,8.262558973010657,7.874739125171811,9.574983485564092,9.198976041897133,6.315358001522335,6.481577129276431,7.451241684987676,15.062542851750656
50 Twin Bonanza,Propjet,6.956545443151569,5.749392985908253,5.713732805509369,56.0,6.289715570908998,7.999342952713282,7.441906728051625,7.827240901752812,9.615805480084347,9.11063052782717,6.327936783729195,6.543911845564792,7.583756300707112,15.068273526459642
58 P Baron-press.('77 hgt=9/6) (range based on 190 gal fuel),Propjet,6.745236349484363,5.736572297479192,5.556828061699537,80.0,8.201111644442758,7.798523053625206,7.441906728051625,7.329749689041512,9.440658127038393,9.085910293598007,6.26530121273771,6.543911845564792,7.450079569807499,15.068273526459642
58 TC Baron (325) turbochg-non-pressurized,Propjet,6.745236349484363,5.683579767338681,5.631211781821365,75.0,6.298949246855942,7.803843303538772,8.11522197256233,7.953318346560431,9.433483923290392,8.92771217382708,6.263398262591624,6.483107351457199,7.586803535162581,15.068273526459642
100 Darter (S.L. Industries),Propjet,6.745236349484363,5.66988092298052,5.605802066295998,75.0,6.298949246855942,7.803843303538772,8.11522197256233,7.953318346560431,9.433483923290392,8.92771217382708,6.263398262591624,6.483107351457199,7.533693709848633,15.005790035158208
58 Baron (300 hp),Propjet,6.5722825426940075,5.579729825986222,5.552959584921617,83.0,6.152732694704104,7.5822291942764615,7.989899374942939,7.893198869544609,9.375854810453756,8.86531163267185,6.171700597410915,6.311734809152915,6.984716320118266,14.725783217512866
100 Darter (S.L. Industries),Propjet,6.522092798170152,5.5134287461649825,5.459585514144159,75.0,6.152732694704104,7.5822291942764615,8.08487062913819,7.987524479848767,9.350102314351341,8.824236617346639,6.171700597410915,6.311734809152915,6.907755278982137,14.725783217512866
A56TC Turbo Baron,Propjet,6.522092798170152,5.5134287461649825,5.476463551931511,73.0,5.924255797414532,7.696212639346407,7.455298485683291,7.6676260915849905,9.268609280100158,8.770283819098399,6.1675164908883415,6.309918278226516,6.912742820493176,14.767168433675721
100 Darter (S.L. Industries),Propjet,6.620073206530356,5.631211781821365,5.579729825986222,79.0,6.152732694704104,7.805882040228621,7.940227765145702,7.729735331385051,9.301094735244646,8.801920904041582,6.169610732491456,6.311734809152915,7.118826249062078,14.929011459126134
E 55 Baron ('70-'72 fuel=142 gal opt),Propjet,6.620073206530356,5.58724865840025,5.564520407322694,77.0,6.152732694704104,7.77485576666552,7.957177323459475,7.729735331385051,9.301094735244646,8.787067645218054,6.169610732491456,6.311734809152915,7.118826249062078,14.907500970323497
100 Darter (S.L. Industries),Propjet,6.309918278226516,5.521460917862246,5.501258210544727,77.0,6.161207321695077,7.533693709848633,7.6128310304073565,7.6544432264701125,9.22029070282935,8.698847859222488,6.054439346269371,6.401917196727186,7.162397497355718,14.831465612951375
B 55 Baron (1978 & up),Propjet,6.309918278226516,5.5093883366279774,5.480638923341991,75.0,5.950642552587727,7.667158255319148,7.72356247227797,7.421775793644647,9.22029070282935,8.65956043270316,6.054439346269371,6.401917196727186,7.02108396428914,14.914122846632385
100 Darter (S.L. Industries),Propjet,6.309918278226516,5.407171771460119,5.37989735354046,76.0,5.950642552587727,7.578145472419466,7.72356247227797,7.421775793644647,9.174713194333032,8.65956043270316,6.054439346269371,6.401917196727186,7.02108396428914,14.848695041309929
100 Darter (S.L. Industries),Propjet,6.309918278226516,5.407171771460119,5.389071729816501,74.0,5.950642552587727,7.600902459542082,7.687080155783135,7.605890001053122,9.174713194333032,8.645586406184636,6.082218910376446,6.401917196727186,7.077498053569231,14.81614243827218
E 95 Travel Air (fuel inj.),Propjet,6.309918278226516,5.407171771460119,5.375278407684165,77.0,5.950642552587727,7.549609165154532,7.673223121121708,7.580699752224563,9.137769679141348,8.644706511715198,6.054439346269371,6.293419278846481,7.05617528410041,14.920767389351052
100 Darter (S.L. Industries),Propjet,6.214608098422191,5.493061443340548,5.459585514144159,75.0,5.950642552587727,7.600902459542082,7.470224135899966,7.533693709848633,9.104979856318357,8.644706511715198,6.054439346269371,6.293419278846481,7.146772179452637,14.859314610137389
"95, B95 Travel Air (95 = 4,000 lb. gross)",Piston,5.940171252720432,5.365976015021851,5.2574953720277815,71.0,5.575949103146316,7.150701457592526,7.495541943884256,7.745435610274381,9.082507000466299,8.705331133531631,6.054439346269371,6.401917196727186,6.804614520062624,14.80132735248704
100 Darter (S.L. Industries),Piston,5.940171252720432,5.375278407684165,5.278114659230517,70.0,5.298317366548036,7.150701457592526,7.846198815497425,7.85243908535751,9.082507000466299,8.571113033405668,6.054439346269371,6.401917196727186,6.486160788944089,14.80132735248704
B 36 TC Bonanza,Piston,5.940171252720432,5.375278407684165,5.272999558563747,71.0,5.365976015021851,7.150701457592526,7.495541943884256,7.745435610274381,9.082507000466299,8.540909718033554,6.054439346269371,6.401917196727186,6.573680166960646,14.80132735248704
100 Darter (S.L. Industries),Piston,5.940171252720432,5.389071729816501,5.298317366548036,70.0,5.365976015021851,7.368339686311381,7.495541943884256,7.669961995473577,9.047821442478408,8.496990484098719,6.054439346269371,6.401917196727186,6.573680166960646,14.862829552244833
A 36 Bonanza (300 hp),Piston,5.940171252720432,5.337538079701318,5.25227342804663,67.0,5.438079308923196,7.170119543449628,7.27931883541462,7.635303886259415,8.987196820661973,8.476371196895983,6.045005314036012,6.401917196727186,6.61472560020376,14.845129975145433
100 Darter (S.L. Industries),Piston,5.8289456176102075,5.337538079701318,5.225746673713202,70.0,5.365976015021851,7.226209010100671,7.423568444259167,7.653020413804189,9.011889433252344,8.516192691082654,6.054439346269371,6.403574197934815,6.626717749249025,14.914122846632385
36 Bonanza,Piston,5.8289456176102075,5.337538079701318,5.225746673713202,70.0,5.365976015021851,7.170119543449628,7.352441100243583,7.4673710669175595,8.948975607841776,8.513185170018698,6.054439346269371,6.309918278226516,6.626717749249025,14.956543562516336
100 Darter (S.L. Industries),Piston,5.8289456176102075,5.298317366548036,5.225746673713202,70.0,5.19295685089021,7.170119543449628,7.438383530044307,7.590852123688581,8.948975607841776,8.442469645220301,5.988961416889864,6.309918278226516,6.4457198193855785,14.808762330974558
V 35B Bonanza ('80 & up=fuel std 74 gal),Piston,5.940171252720432,5.5053315359323625,5.4510384535657,73.0,4.955827057601261,7.3783837129967145,7.873217054862741,8.027802848370312,8.820994645747902,8.39502555744203,6.0063531596017325,6.154858094016418,6.917705609835305,14.914122846632385
100 Darter (S.L. Industries),Piston,5.940171252720432,5.517452896464707,5.480638923341991,76.0,4.955827057601261,7.3783837129967145,7.873217054862741,8.027802848370312,8.820994645747902,8.336869637284956,6.0063531596017325,6.154858094016418,6.714170529909472,14.940440154949757
V 35 TC Turbo Bonanza,Piston,5.940171252720432,5.517452896464707,5.4638318050256105,76.0,4.955827057601261,7.387090235656757,7.414572881350589,7.757906208351747,8.81358720447004,8.318742252692399,6.0063531596017325,6.154858094016418,6.714170529909472,14.956543562516336
100 Darter (S.L. Industries),Piston,6.1092475827643655,5.318119993844216,5.25227342804663,76.0,5.288267030694535,7.24422751560335,7.6362696033793735,7.52294091807237,9.20029003612268,8.67334187390617,6.045005314036012,6.39024066706535,6.432940092739179,14.52354635101797
S 35 Bonanza,Piston,6.1092475827643655,5.298317366548036,5.225746673713202,73.0,5.616771097666572,7.251344983372214,7.590852123688581,7.52294091807237,9.179881164491475,8.684401110400144,6.042632833682381,6.386879319362645,6.779921907472252,14.576316386998034
100 Darter (S.L. Industries),Piston,6.1092475827643655,5.313205979041787,5.231108616854587,71.0,5.327876168789581,7.1308988302963465,7.639642287858013,7.358193752733032,9.137769679141348,8.724207360800564,5.983936280687191,6.3473892096560105,6.45833828334479,14.648419680899378
"K,M 35 Bonanza",Piston,6.1092475827643655,5.298317366548036,5.209486152841421,67.0,5.327876168789581,7.081708586105575,7.473069088032197,7.286191714702382,9.07680897935166,8.660427359502146,5.983936280687191,6.3473892096560105,6.448889394146858,14.53335035111459
100 Darter (S.L. Industries),Piston,5.8289456176102075,5.318119993844216,5.19295685089021,72.0,5.19295685089021,7.146772179452637,7.1308988302963465,7.517520850603031,8.895629627136483,8.40737832540903,5.932245187448011,6.3080984415095305,6.668228248417403,14.897315728316002
H 35 Bonanza,Piston,5.8289456176102075,5.342334251964811,5.214935757608986,72.0,5.19295685089021,7.1853870155804165,7.1308988302963465,7.517520850603031,8.85366542803745,8.40290404501411,5.932245187448011,6.3080984415095305,6.70073110954781,14.897315728316002
100 Darter (S.L. Industries),Piston,5.68697535633982,5.225746673713202,5.181783550292085,62.0,4.897839799950911,7.27931883541462,7.138866999945524,7.280697195384741,8.748304912379623,8.318742252692399,5.932245187448011,6.3080984415095305,6.507277712385012,14.508657738524219
"C, D 35 Bonanza",Piston,5.616771097666572,5.181783550292085,5.081404364984463,60.0,4.897839799950911,7.27931883541462,7.138866999945524,7.226209010100671,8.699514748210191,8.282988692742602,5.932245187448011,6.295266001439646,6.587550014824796,14.508657738524219
100 Darter (S.L. Industries),Piston,5.560681631015528,5.176149732573829,5.0689042022202315,60.0,4.897839799950911,7.27931883541462,7.203405521083095,7.102499355774649,8.699514748210191,8.27893600229198,5.932245187448011,6.295266001439646,6.597145701886651,14.508657738524219
35 Bonanza,Piston,5.560681631015528,5.176149732573829,5.062595033026967,56.0,4.897839799950911,7.27931883541462,7.2078598714324755,7.102499355774649,8.612503371220562,8.242756345714477,5.932245187448011,6.295266001439646,6.582025138892826,14.457364444136669
100 Darter (S.L. Industries),Piston,5.783825182329737,5.564520407322694,5.44673737166631,78.0,5.111987788356544,7.29641326877392,7.879669914604289,7.794411205726601,8.732304571033183,8.300528606199737,5.883322388488279,6.118097198041348,6.920671504248683,14.73180128983843
F & E 33-C Bonanza (conventional tail),Piston,5.736572297479192,5.545177444479562,5.365976015021851,79.0,5.111987788356544,7.332369205929062,7.773173680482536,7.823245690685523,8.716044050161402,8.290292591224315,5.8805329864007,6.118097198041348,7.029972911706386,14.73180128983843
100 Darter (S.L. Industries),Piston,5.736572297479192,5.442417710521793,5.332718793265369,79.0,5.111987788356544,7.261225091971921,7.923348211930154,7.823245690685523,8.716044050161402,8.290292591224315,5.8805329864007,6.118097198041348,7.00669522683704,14.73180128983843
E 33 A Bonanza (conventional tail),Piston,5.783825182329737,5.564520407322694,5.44673737166631,78.0,5.111987788356544,7.29641326877392,7.879669914604289,7.794411205726601,8.732304571033183,8.239593454305968,5.883322388488279,6.118097198041348,6.920671504248683,14.73180128983843
100 Darter (S.L. Industries),Piston,5.736572297479192,5.521460917862246,5.365976015021851,79.0,5.111987788356544,7.2868764117507,7.773173680482536,7.823245690685523,8.716044050161402,8.237479288613633,5.8805329864007,6.118097198041348,7.029972911706386,14.73180128983843
C 33 A Debonair,Piston,5.703782474656201,5.337538079701318,5.272999558563747,74.0,4.912654885736052,7.4673710669175595,7.771067086065406,7.823245690685523,8.612503371220562,8.144098463338524,5.8805329864007,6.118097198041348,7.011213987350367,14.54247928699973
100 Darter (S.L. Industries),Piston,5.652489180268651,5.337538079701318,5.272999558563747,74.0,4.912654885736052,7.414572881350589,7.650168700845001,7.823245690685523,8.594154232552366,8.119993827725105,5.8805329864007,6.118097198041348,7.011213987350367,14.436087045689384
"A,B 33 Debonair",Piston,5.940171252720432,5.529429087511423,5.5093883366279774,73.0,4.955827057601261,7.61085279039525,7.258412150595307,7.640123172695364,8.697846691109495,8.216088098632316,5.8522024797744745,6.118097198041348,6.602587892189336,14.98489191752059
100 Darter (S.L. Industries),Piston,5.940171252720432,5.529429087511423,5.5093883366279774,73.0,4.955827057601261,7.61085279039525,7.258412150595307,7.640123172695364,8.697846691109495,8.202482446576537,5.82600010738045,6.118097198041348,6.602587892189336,14.98489191752059
"C-24R Sierra 200 (prior'78 svc. ceil=16,400)",Piston,5.652489180268651,5.337538079701318,5.272999558563747,73.0,4.605170185988092,7.427738840532894,6.875232087276577,7.254177846456518,8.575462099540212,8.098946748943339,5.8522024797744745,6.118097198041348,6.839476438228843,14.462613800022813
100 Darter (S.L. Industries),Piston,5.652489180268651,5.3471075307174685,5.298317366548036,67.0,4.718498871295094,7.4205789054108005,6.875232087276577,7.254177846456518,8.575462099540212,8.031060180240619,5.82600010738045,6.118097198041348,6.309918278226516,14.552674623940995
A-24R Sierra 200,Piston,5.560681631015528,5.303304908059076,5.214935757608986,73.0,4.605170185988092,7.4342573821331355,7.675081857716334,7.672292455628756,8.536995818712418,8.082093278178382,5.817111159963204,6.118097198041348,6.6052979209482015,14.473030560881067
100 Darter (S.L. Industries),Piston,5.560681631015528,5.3230099791384085,5.278114659230517,68.0,4.718498871295094,7.4205789054108005,7.110696122978827,7.222566018822171,8.536995818712418,8.031060180240619,5.780743515792329,6.118097198041348,6.637258031284457,14.493544100714171
C 23 Sundowner (pre '76 fuel=52 gal) pre'82=less mph,Piston,5.560681631015528,5.298317366548036,5.25227342804663,66.0,4.718498871295094,7.438383530044307,7.438383530044307,7.293017679772782,8.492900498847193,7.992944547318106,5.75890177387728,6.113682179832232,6.61338421837956,14.48333993053993
100 Darter (S.L. Industries),Piston,5.560681631015528,5.298317366548036,5.25227342804663,66.0,4.718498871295094,7.396335293800808,7.438383530044307,7.293017679772782,8.492900498847193,7.992944547318106,5.726847747587197,6.113682179832232,6.61338421837956,14.467835744003965
"A 23, A23A Musketeer (A=2,400 lb gross)",Piston,5.19295685089021,5.209486152841421,5.159055299214529,61.0,4.382026634673881,7.1308988302963465,7.154615356913663,7.371489295214277,8.34283980427146,7.882314918980268,5.707110264748875,6.09807428216624,6.493753839851686,14.408837403242009
100 Darter (S.L. Industries),Piston,5.19295685089021,5.209486152841421,5.159055299214529,61.0,4.382026634673881,7.1308988302963465,7.649692623711514,7.52294091807237,8.34283980427146,7.876638460975463,5.713732805509369,6.09807428216624,6.493753839851686,14.408837403242009
B 19 Sport 150 (76' & prior fuel=52 gal),Piston,5.19295685089021,5.209486152841421,5.135798437050262,61.0,4.382026634673881,7.1308988302963465,7.649692623711514,7.52294091807237,8.318742252692399,7.876638460975463,5.713732805509369,6.115892125483034,6.493753839851686,14.408837403242009
100 Darter (S.L. Industries),Piston,5.19295685089021,5.14166355650266,5.062595033026967,60.0,4.605170185988092,7.129297548929373,7.6586995582682995,7.53955882930103,8.268731832117737,7.807916628926408,5.8522024797744745,6.1224928095143865,6.736966958001855,14.491002803285499
77 Skipper ('79-'80 height=7/11),Piston,5.703782474656201,5.3612921657094255,5.247024072160486,57.0,4.624972813284271,6.955592608396297,7.768110378525988,7.433666540166168,8.25582842728183,7.757051142032013,5.799092654460526,6.118097198041348,6.863803391452954,14.73180128983843
"17-31 ATC Turbo, 300-Lyc. (prior '78=8 gal less)",Piston,5.703782474656201,5.365976015021851,5.247024072160486,57.0,4.30406509320417,7.060476365999801,7.60688453121963,7.278628942320682,8.202482446576537,7.731053144007127,5.799092654460526,5.996452088619021,6.684611727667927,14.73180128983843
"17-31A, (prior '78=8 gal less fuel + 6 mph less)",Piston,5.703782474656201,5.214935757608986,5.1298987149230735,59.0,4.30406509320417,7.098375638590786,7.556427969440253,7.29505641646263,8.202482446576537,7.717351272185329,5.799092654460526,5.996452088619021,6.579251212010101,14.430696197054507
100 Darter (S.L. Industries),Piston,5.652489180268651,5.187385805840755,5.123963979403259,52.0,4.30406509320417,9.240190393945069,7.620705086838262,7.27931883541462,8.1886891244442,7.693937325509272,5.799092654460526,5.996452088619021,6.546785410760524,14.322328160332725
"17-30A, (1979 & up; 1993 & up + 5 mph; IO-550 +6 mph)",Piston,5.652489180268651,5.176149732573829,5.135798437050262,56.0,3.912023005428146,6.922643891475888,7.329749689041512,7.122866658599083,8.1886891244442,7.590852123688581,5.755742213586912,5.976350909297934,6.234410725718371,14.28551418721001
100 Darter (S.L. Industries),Piston,5.652489180268651,5.37989735354046,5.298317366548036,55.0,3.912023005428146,7.110696122978827,7.1853870155804165,7.0707241072602764,8.131530710604252,7.614312146452,5.755742213586912,5.993961427306569,6.396929655216146,14.897315728316002
17-30-300 Viking (Continental eng),Piston,5.652489180268651,5.204006687076795,5.147494476813453,51.0,4.30406509320417,9.365033761652663,7.478169694159785,7.188412736496954,8.131530710604252,7.73477754309811,5.75890177387728,5.996452088619021,6.57507584059962,14.395377052065253
100 Darter (S.L. Industries),Piston,5.652489180268651,5.209486152841421,5.176149732573829,55.0,3.784189633918261,7.035268599281097,7.1853870155804165,7.0707241072602764,8.131530710604252,7.580699752224563,5.755742213586912,5.993961427306569,6.284134161070802,14.375126345899696
14-19-2 Cruisemaster,Piston,5.652489180268651,5.342334251964811,5.272999558563747,55.0,3.912023005428146,7.110696122978827,7.1853870155804165,7.0707241072602764,8.131530710604252,7.575584651557793,5.755742213586912,5.993961427306569,6.363028103540465,14.793836680757881
100 Darter (S.L. Industries),Piston,5.652489180268651,5.209486152841421,5.176149732573829,55.0,3.912023005428146,7.035268599281097,7.1853870155804165,7.0707241072602764,8.131530710604252,7.557472901614746,5.755742213586912,5.993961427306569,6.297109319933935,14.375126345899696
14-13 Cruiseair Sr.,Piston,5.652489180268651,5.214935757608986,5.181783550292085,54.0,3.912023005428146,7.090076835776092,7.110696122978827,7.047517221357296,8.101677747454572,7.557472901614746,5.755742213586912,5.993961427306569,6.297109319933935,14.419826524817603
55 (1984-'85),Piston,5.560681631015528,5.181783550292085,5.135798437050262,52.0,3.912023005428146,7.047517221357296,7.138866999945524,7.003065458786462,8.047189562170502,7.5256399750415355,5.71042701737487,5.993961427306569,6.282266746896006,14.467835744003965
55 (thru 1983),Piston,5.521460917862246,5.209486152841421,5.135798437050262,52.0,3.8918202981106265,7.064759027791802,7.077498053569231,6.956545443151569,7.989560449333865,7.513163545234075,5.707110264748875,5.993961427306569,6.20455776256869,14.508657738524219
100 Darter (S.L. Industries),Piston,5.521460917862246,5.209486152841421,5.159055299214529,50.0,3.6635616461296463,7.1308988302963465,7.069023426578259,6.956545443151569,7.9724660159745655,7.506591780070841,5.707110264748875,5.973809611869261,6.198478716492308,14.571632537685607
100 Darter (S.L. Industries),Piston,5.480638923341991,5.187385805840755,5.10594547390058,50.0,3.6635616461296463,7.110696122978827,7.138866999945524,6.956545443151569,7.9724660159745655,7.506591780070841,5.707110264748875,5.973809611869261,6.152732694704104,14.498607402670718
"36 A (prior'82 = gross weight @ 18,000)",Piston,5.41610040220442,5.1298987149230735,5.075173815233827,48.0,3.6635616461296463,7.170119543449628,7.146772179452637,6.932447891572509,7.928406026180535,7.451241684987676,5.707110264748875,5.973809611869261,6.309918278226516,14.457364444136669
36,Piston,5.3230099791384085,5.10594547390058,5.0238805208462765,48.0,3.6635616461296463,7.003065458786462,7.313220387090301,6.882437470997847,7.90100705199242,7.408530566894626,5.707110264748875,5.973809611869261,6.234410725718371,14.403297222866392
100 Darter (S.L. Industries),Piston,5.278114659230517,5.075173815233827,4.997212273764115,49.0,3.6635616461296463,6.7912214627261855,7.323170717943469,6.856461984594587,7.882314918980268,7.362010551259734,5.707110264748875,5.973809611869261,6.152732694704104,14.352003928478842
100 Darter (S.L. Industries),Piston,5.220355825078324,5.075173815233827,5.0106352940962555,48.0,3.6635616461296463,6.856461984594587,7.272398392570047,6.829793737512425,7.843848638152472,7.284820912568604,5.707110264748875,5.973809611869261,6.272877006546167,14.403297222866392
100 Darter (S.L. Industries),Piston,5.560681631015528,5.176149732573829,5.123963979403259,49.0,3.912023005428146,6.966024187106113,7.323830566202317,7.047517221357296,8.101677747454572,7.5678626054638825,5.720311776607412,5.973809611869261,6.240275845170769,14.322328160332725
28 Longhorn,Piston,5.652489180268651,5.198497031265826,5.159055299214529,53.0,3.912023005428146,7.090076835776092,7.110696122978827,7.047517221357296,8.101677747454572,7.559038255443384,5.723585101952381,5.973809611869261,6.253828811575473,14.419826524817603
"25 D,F w/6 engs=45,000 service ceiling (prior '82 more rate of climb)",Piston,5.652489180268651,5.204006687076795,5.147494476813453,51.0,4.30406509320417,9.365033761652663,7.478169694159785,7.188412736496954,8.131530710604252,7.661527081358517,5.768320995793772,5.996452088619021,6.57507584059962,14.395377052065253
100 Darter (S.L. Industries),Piston,5.652489180268651,5.198497031265826,5.159055299214529,53.0,3.912023005428146,7.090076835776092,7.110696122978827,7.047517221357296,8.101677747454572,7.557472901614746,5.723585101952381,5.976350909297934,6.253828811575473,14.419826524817603
25 C (1973 thru 1975),Piston,5.41610040220442,5.135798437050262,5.081404364984463,52.0,3.912023005428146,6.835184586147301,7.160845906664299,7.168579897264035,8.022896869601457,7.529406457837013,5.723585101952381,5.976350909297934,6.253828811575473,14.392123922268269
100 Darter (S.L. Industries),Piston,5.652489180268651,5.198497031265826,5.159055299214529,53.0,3.912023005428146,7.090076835776092,7.110696122978827,7.047517221357296,8.101677747454572,7.4815557019095165,5.723585101952381,5.976350909297934,6.253828811575473,14.419826524817603
"24 F (w/8A engs=51,000 service ceil)",Piston,5.41610040220442,5.135798437050262,5.081404364984463,52.0,3.912023005428146,6.887552571664617,7.160845906664299,7.168579897264035,8.022896869601457,7.5251007461258,5.723585101952381,5.976350909297934,6.342121418721152,14.419826524817603
100 Darter (S.L. Industries),Piston,5.41610040220442,5.135798437050262,5.081404364984463,52.0,3.912023005428146,6.866933284461882,7.118826249062078,7.156176637480615,8.006367567650246,7.4645098346365275,5.723585101952381,5.976350909297934,6.342121418721152,14.425276129585168
24 D (1973 thru 1975),Piston,5.41610040220442,5.135798437050262,5.081404364984463,52.0,3.912023005428146,6.917705609835305,7.118826249062078,7.156176637480615,7.9724660159745655,7.455876687491824,5.720311776607412,5.971261839790462,6.309918278226516,14.498607402670718
100 Darter (S.L. Industries),Piston,5.298317366548036,4.976733742420574,4.919980925828125,60.0,4.04305126783455,6.831953565565855,7.353081920515432,7.2875606403097235,7.919356190660617,7.4360278163518485,5.733341276897746,5.973809611869261,6.472346294500901,14.246318473744234
24 C,Piston,5.298317366548036,4.941642422609304,4.875197323201151,55.0,3.9512437185814275,6.792344427470809,7.4977617006225685,7.325807502595773,7.919356190660617,7.444833273892193,5.730099782973574,5.973809611869261,6.3818160174060985,14.176117760430612
100 Darter (S.L. Industries),Piston,5.298317366548036,4.997212273764115,4.948759890378168,57.0,4.060443010546419,6.759255270663693,7.396335293800808,7.22983877815125,7.919356190660617,7.383989457978509,5.730099782973574,5.973809611869261,6.556778356158042,14.176675407175859
24 Twin Jet,Piston,5.298317366548036,4.919980925828125,4.867534450455582,52.0,4.0943445622221,6.779921907472252,7.22983877815125,7.170119543449628,7.843848638152472,7.251344983372214,5.707110264748875,5.968707559985366,6.466144724237619,14.210925330218936
100 Darter (S.L. Industries),Piston,5.19295685089021,4.852030263919617,4.7535901911063645,51.0,4.04305126783455,6.674561391814426,7.578145472419466,7.302496423727326,7.803843303538772,7.309212365692763,5.733341276897746,5.973809611869261,6.336825731146441,14.04662227892766
100 Darter (S.L. Industries),Piston,5.19295685089021,4.844187086458591,4.787491742782046,50.0,4.0943445622221,6.590301048196686,7.286191714702382,7.138866999945524,7.783224016336037,7.226209010100671,5.707110264748875,5.968707559985366,6.336825731146441,13.986939673591806
650 Citation VII,Piston,5.10594547390058,4.844187086458591,4.787491742782046,50.0,4.0943445622221,6.779921907472252,7.286191714702382,7.138866999945524,7.762170607138205,7.1891677384203225,5.707110264748875,5.968707559985366,6.336825731146441,13.986939673591806
650 Citation VI,Piston,5.075173815233827,4.812184355372417,4.709530201312334,52.0,4.0943445622221,6.579251212010101,7.150701457592526,7.138866999945524,7.7406644019172415,7.170119543449628,5.707110264748875,5.968707559985366,6.684611727667927,14.115615150414612
100 Darter (S.L. Industries),Piston,5.0106352940962555,4.700480365792417,4.672828834461906,50.0,4.04305126783455,6.522092798170152,7.399398083331354,7.4342573821331355,7.673223121121708,7.254177846456518,5.733341276897746,5.973809611869261,6.466144724237619,13.968231644981937
650 Citation III (thru SN 099),Piston,5.0106352940962555,4.804021044733257,4.736198448394496,48.0,4.0943445622221,6.802394763324311,7.134890851565884,7.106606137727303,7.696212639346407,7.1891677384203225,5.707110264748875,5.968707559985366,6.684611727667927,14.214286677921642
100 Darter (S.L. Industries),Piston,4.74493212836325,4.663439094112067,4.574710978503383,47.0,3.367295829986474,6.579251212010101,7.154615356913663,7.180069874302796,7.423568444259167,7.005789019253503,5.662960480135946,5.886104031450156,5.91350300563827,14.070152776337855
100 Darter (S.L. Industries),Piston,5.703782474656201,5.262690188904886,5.231108616854587,61.0,4.219507705176107,7.064759027791802,7.258412150595307,7.200424892944957,8.109224953089955,7.771488760117616,5.755742213586912,6.016157159698354,6.633318433280377,14.690979295318174
100 Darter (S.L. Industries),Piston,5.703782474656201,5.159055299214529,5.10594547390058,61.0,4.219507705176107,7.064759027791802,7.258412150595307,7.200424892944957,8.109224953089955,7.717351272185329,5.755742213586912,6.016157159698354,6.180016653652572,14.414347059052979
S550 Citation SII,Piston,5.521460917862246,5.262690188904886,5.231108616854587,54.0,4.276666119016055,7.495541943884256,6.7912214627261855,7.003065458786462,8.070906088787819,7.605890001053122,5.645446897643238,6.016157159698354,6.633318433280377,14.690979295318174
Citation II 550 (thru SN 626),Piston,5.703782474656201,5.198497031265826,5.170483995038151,61.0,4.219507705176107,7.098375638590786,7.258412150595307,7.200424892944957,8.109224953089955,7.68937110752969,5.755742213586912,6.016157159698354,6.309918278226516,14.508657738524219
100 Darter (S.L. Industries),Piston,5.703782474656201,5.111987788356544,5.093750200806762,61.0,4.0943445622221,6.98933526597456,7.258412150595307,7.200424892944957,8.109224953089955,7.7039102096163115,5.755742213586912,6.016157159698354,6.309918278226516,14.346138809026444
Citation CJ3 525B,Piston,5.703782474656201,5.117993812416755,5.093750200806762,54.0,4.060443010546419,7.517520850603031,6.7912214627261855,6.956545443151569,8.070906088787819,7.549609165154532,5.645446897643238,6.016157159698354,6.309918278226516,14.557447902693651
100 Darter (S.L. Industries),Piston,5.560681631015528,5.198497031265826,5.176149732573829,54.0,4.060443010546419,7.313220387090301,6.897704943128636,6.715383386334681,8.006367567650246,7.4673710669175595,5.641907070938114,6.016157159698354,6.459904454377535,14.626440774180603
100 Darter (S.L. Industries),Piston,5.438079308923196,5.187385805840755,5.135798437050262,42.0,3.6888794541139363,7.24422751560335,6.932447891572509,7.047517221357296,7.90100705199242,7.402451520818244,5.60947179518496,6.016157159698354,6.113682179832232,14.508657738524219
Citation I 500,Piston,5.247024072160486,5.159055299214529,5.056245805348308,38.0,3.6888794541139363,7.1308988302963465,7.146772179452637,6.932447891572509,7.8632667240095735,7.362010551259734,5.62040086571715,6.016157159698354,6.075346031088684,14.580978400103845
100 Darter (S.L. Industries),Piston,5.0106352940962555,4.990432586778736,4.867534450455582,38.0,3.6888794541139363,7.003065458786462,7.2078598714324755,6.882437470997847,7.649692623711514,7.326465613840322,5.537334267018537,6.016157159698354,6.3818160174060985,14.48333993053993
402C Business Liner II,Jet,8.216088098632316,6.12029741895095,6.0330862217988015,56.0,8.810907036099737,8.308691916838898,8.630521876723241,8.101677747454572,9.975808214115753,9.403849118160702,6.493753839851686,6.263398262591624,7.44716835960004,15.444751097694555
"402,-A turbocharged",Jet,8.216088098632316,6.124683390894205,5.1298987149230735,56.0,8.810907036099737,8.384804003370492,8.420682291035394,8.042056410058754,9.878169744551839,9.403437001938096,6.493753839851686,6.263398262591624,7.44716835960004,15.444751097694555
100 Darter (S.L. Industries),Jet,9.065314599925925,6.173786103901937,6.091309882077698,56.0,9.72106599074184,8.34283980427146,8.594154232552366,8.101677747454572,10.674752512360026,9.90098442231801,6.710523109452428,6.60934924316738,8.128880142125638,15.226497531674536
100 Darter (S.L. Industries),Jet,8.922658299524402,6.173786103901937,6.091309882077698,56.0,9.608445125678054,8.131530710604252,8.648221453822641,8.101677747454572,10.631036159813405,9.834137474401334,6.710523109452428,6.60934924316738,8.003363058629947,15.226497531674536
T 310 P turbocharged,Jet,8.160518247477505,6.19644412779452,6.131226489483141,99.0,8.909235279192261,8.375629627094451,8.511577452630602,8.031060180240619,9.814656338829513,9.194007717355285,6.369900982828227,6.161207321695077,7.735870319952567,15.319587954740548
310 Q,Jet,8.160518247477505,6.1675164908883415,6.089044875446846,105.0,8.91341571815747,8.536995818712418,8.313852267398207,8.040768994367578,9.740968623038354,9.082734247371036,6.368187186350492,6.159095388491933,7.735870319952567,15.319587954740548
100 Darter (S.L. Industries),Jet,8.160518247477505,6.154858094016418,6.131226489483141,99.0,8.731981938347694,8.468002947225466,8.511577452630602,8.031060180240619,9.814656338829513,9.194007717355285,6.369900982828227,6.161207321695077,7.505492274737424,15.319587954740548
100 Darter (S.L. Industries),Jet,8.160518247477505,6.1675164908883415,6.089044875446846,105.0,8.727616178321068,8.536995818712418,8.313852267398207,8.040768994367578,9.740968623038354,9.078179468373843,6.368187186350492,6.159095388491933,7.505492274737424,15.319587954740548
100 Darter (S.L. Industries),Jet,7.989560449333865,6.169610732491456,6.089044875446846,79.0,8.589141690728821,8.71768205216564,7.965545573129992,7.705262474866325,9.615805480084347,9.00663173330058,6.3473892096560105,6.263398262591624,7.343426229147367,15.382040969387099
"310,-A",Jet,7.989560449333865,6.163314804034641,6.089044875446846,79.0,8.456168489578463,8.756210091886738,7.874739125171811,7.705262474866325,9.615805480084347,9.01127949117793,6.3473892096560105,6.263398262591624,7.27931883541462,15.40065577782933
"T 337 G-P II,H-P, Skymaster pressurized",Jet,7.989560449333865,6.139884552226255,6.129050210060545,97.0,8.7157161275482,8.829079952564836,8.278174290943738,7.943427767876373,9.615805480084347,8.980927207648378,6.3473892096560105,6.056784013228625,7.266128779556451,15.444751097694555
100 Darter (S.L. Industries),Jet,7.989560449333865,6.139884552226255,6.089044875446846,104.0,8.7157161275482,8.707813551024888,8.55371796609861,8.035926369891792,9.615805480084347,8.903135633035538,6.345636360828596,6.056784013228625,7.27931883541462,15.319587954740548
T 337 E & F Skymaster turbocharged,Jet,7.989560449333865,6.139884552226255,6.089044875446846,104.0,8.91784674252718,8.707813551024888,8.55371796609861,8.035926369891792,9.615805480084347,8.886409166849282,6.345636360828596,6.056784013228625,7.329749689041512,15.319587954740548
100 Darter (S.L. Industries),Jet,7.989560449333865,6.1675164908883415,6.091309882077698,90.0,8.7157161275482,8.707813551024888,8.55371796609861,7.902117546276448,9.615805480084347,8.882669291308039,6.345636360828596,6.054439346269371,7.233455418621439,15.319587954740548
T 337 C Skymaster turbocharged,Jet,7.989560449333865,6.163314804034641,6.089044875446846,88.0,8.63550941823428,8.867850063029406,8.10076824307173,7.96311205897929,9.51044496442652,8.872066513408342,6.251903883165888,6.054439346269371,6.90875477931522,15.319587954740548
100 Darter (S.L. Industries),Jet,7.989560449333865,6.1675164908883415,6.089044875446846,88.0,8.474494436883122,8.884610231886873,8.006367567650246,7.933438387627489,9.464982590349763,8.857230494201946,6.251903883165888,6.054439346269371,6.593044534142437,15.319587954740548
"337 G,H II Skymaster (prior '79 service ceiling=18,000)",Jet,7.989560449333865,6.139884552226255,6.089044875446846,99.0,8.63550941823428,8.824677891164198,8.27308133366583,7.937374696163295,9.51044496442652,8.851949671253948,6.251903883165888,6.056784013228625,6.90875477931522,15.319587954740548
100 Darter (S.L. Industries),Jet,7.989560449333865,6.1675164908883415,6.091309882077698,87.0,6.733401891837359,8.824677891164198,8.27308133366583,7.902117546276448,9.51044496442652,8.825118970345061,6.251903883165888,6.054439346269371,6.90875477931522,15.319587954740548
337 E Skymaster,Jet,7.989560449333865,6.133398042996649,6.091309882077698,88.0,6.5722825426940075,8.83927669058535,8.122668023346407,7.955074273262696,9.433483923290392,8.782476268924539,6.251903883165888,6.054439346269371,7.233455418621439,15.319587954740548
100 Darter (S.L. Industries),Jet,7.989560449333865,6.161207321695077,6.07993319509559,88.0,6.726233402358747,8.748304912379623,8.039157390473237,8.103796712981794,9.51044496442652,8.843182098022606,6.251903883165888,6.056784013228625,6.90875477931522,15.319587954740548
337 C Skymaster,Jet,7.955074273262696,6.150602768446279,6.0330862217988015,90.0,6.741700694652055,8.748304912379623,8.039157390473237,8.116715624819111,9.472704636443673,8.866440619526173,6.249975242259483,6.056784013228625,7.003065458786462,15.226497531674536
100 Darter (S.L. Industries),Jet,7.955074273262696,6.1903154058531475,6.0473721790462776,89.0,6.71901315438526,8.83927669058535,7.986164860332727,7.937374696163295,9.433483923290392,8.809862805379057,6.249975242259483,6.056784013228625,6.907755278982137,15.226497531674536
208 Caravan-675,Jet,8.764053269347762,4.5217885770490405,6.236369590203704,56.0,9.472704636443673,8.221478947267192,8.649974302650056,8.24800570160062,10.48290596776773,9.971146201009942,6.763884908562435,6.639875833826536,8.086410275323782,15.444751097694555
100 Darter (S.L. Industries),Jet,8.294049640102028,4.442651256490317,6.16541785423142,97.0,8.90720619496548,8.398860004454372,8.453187861440325,7.975908360165538,10.0190458931704,9.525151111816216,6.499787040655854,6.46302945692067,7.7406644019172415,15.444751097694555
100 Darter (S.L. Industries),Jet,8.202482446576537,6.159095388491933,5.1298987149230735,97.0,8.90720619496548,7.326465613840322,8.546751993657782,7.9724660159745655,9.998797732340453,9.455245415071905,6.499787040655854,6.46302945692067,7.76004068088038,15.444751097694555
"T 210 K,L Turbo (K=9 mph less speed)",Jet,8.202482446576537,6.156978985585555,6.133398042996649,97.0,8.907070776182689,8.215817791832453,8.523175263093785,7.9724660159745655,9.998797732340453,9.376786579611847,6.501289670540389,6.464588303689961,7.8632667240095735,15.444751097694555
100 Darter (S.L. Industries),Jet,8.202482446576537,6.156978985585555,5.1298987149230735,89.0,8.907070776182689,8.271036865792954,8.457443187010464,7.847762537473608,9.95227771670556,9.369052063131004,6.501289670540389,6.464588303689961,7.8632667240095735,15.444751097694555
100 Darter (S.L. Industries),Jet,8.131530710604252,6.626717749249025,6.056784013228625,83.0,8.601534339849989,8.411832675758411,7.441906728051625,7.329749689041512,9.730918287184851,9.208037722913508,6.371611847231857,6.47543271670409,7.585788821732034,15.319587954740548
100 Darter (S.L. Industries),Jet,7.824046010856292,5.176149732573829,5.998936561946683,82.0,8.669055540725484,8.006367567650246,8.083328608786376,8.022896869601457,9.615805480084347,8.993303139093733,6.338594078203183,6.439350371100098,7.651595573857601,15.27412558066379
100 Darter (S.L. Industries),Jet,7.824046010856292,5.176149732573829,5.953243334287785,82.0,8.518791912779934,8.122668023346407,8.003028666384733,7.727535110475448,9.495519314209846,8.90761234131913,6.338594078203183,6.439350371100098,7.5652752818989315,15.27412558066379
T 207 (Stationair 7 & 8) '77=eng 310 hp,Jet,7.824046010856292,5.176149732573829,5.953243334287785,82.0,8.518991573357617,8.195609567288775,7.882314918980268,7.700747794511798,9.433483923290392,8.879193928110318,6.338594078203183,6.439350371100098,7.651595573857601,15.27412558066379
100 Darter (S.L. Industries),Jet,7.944492163932159,6.602587892189336,5.860786223465865,56.0,8.457443187010464,7.807916628926408,7.441906728051625,7.926602599181384,9.537483513308878,9.02401079378469,6.400257445308821,6.461468176353717,7.536363938404511,15.319587954740548
"U206E,F, float ('75-'76 specs) '76=+4 gal fuel",Jet,7.549609165154532,4.2626798770413155,5.940171252720432,85.0,8.077136638538454,8.105005537547246,8.03268487596762,7.919356190660617,9.249561085129464,8.787220328629298,6.234410725718371,6.327936783729195,7.3031700512368,15.226497531674536
"TU 206E,F (ski) (prior'76=4 gal more fuel)",Jet,7.696212639346407,5.176149732573829,5.877735781779639,82.0,8.244596756382498,7.908019444632471,7.982757702011113,7.727535110475448,9.380083146563278,8.799510901368867,6.257667587882639,6.336825731146441,7.1891677384203225,15.226497531674536
"U206 E,F (ski) Super Skywagon",Jet,7.696212639346407,5.176149732573829,5.860786223465865,56.0,8.237479288613633,7.893572073504902,7.982757702011113,7.727535110475448,9.380083146563278,8.807471889715284,6.257667587882639,6.336825731146441,7.1891677384203225,15.226497531674536
100 Darter (S.L. Industries),Jet,7.696212639346407,5.176149732573829,5.8522024797744745,85.0,8.237479288613633,7.9724660159745655,7.886081401775745,7.7406644019172415,9.350102314351341,8.772455372611907,6.257667587882639,6.267200548541362,7.176254532017144,15.226497531674536
"TU 206E,F Stationair",Jet,7.696212639346407,5.176149732573829,5.8522024797744745,84.0,8.193676665955241,7.9724660159745655,7.843848638152472,7.745002803515839,9.291920358968605,8.756210091886738,6.257667587882639,6.263398262591624,6.96979066990159,15.068273526459642
100 Darter (S.L. Industries),Propjet,6.437751649736401,5.68697535633982,5.645446897643238,76.0,6.163314804034641,7.79770203551669,7.80994708647679,7.536363938404511,9.195226734166134,8.645058562414134,6.148468295917647,6.3835066348840055,7.693025748417888,15.068273526459642
"U206 F,G II ('75 up) '75 lgt=28/9 + prior'79 less fuel)",Propjet,6.1092475827643655,5.572154032177765,5.1298987149230735,84.0,5.902633333401366,7.528869256642251,7.820037989458753,7.673223121121708,9.0595174822416,8.506738733512378,6.063785208687608,6.270988431858299,7.129297548929373,15.021481364952884
100 Darter (S.L. Industries),Propjet,6.1092475827643655,5.572154032177765,5.521460917862246,79.0,5.902633333401366,7.614312146452,7.75833346749091,7.6708948313621175,9.011889433252344,8.500047032581268,6.063785208687608,6.270988431858299,7.2868764117507,15.059665151923042
U 206 A,Piston,5.926926025970411,5.54907608489522,5.484796933490655,74.0,5.3612921657094255,7.570443252057374,7.750614732770409,7.737616282857904,8.915969311373605,8.52674740422105,6.07993319509559,6.20050917404269,7.087573705557973,14.920767389351052
100 Darter (S.L. Industries),Piston,5.926926025970411,5.501258210544727,5.459585514144159,74.0,5.1647859739235145,7.52294091807237,7.77779262633883,7.686162303492906,8.915969311373605,8.395251520610994,6.07073772800249,6.2166061010848646,6.739336627357174,14.946912669455374
"TP 206A,B,C,D,E (E=35/10 span) (A=28/0 lgt)",Piston,5.926926025970411,5.480638923341991,5.424950017481403,76.0,5.1647859739235145,7.438383530044307,7.830425617820331,7.6544432264701125,8.830543010616596,8.355144739461839,6.0014148779611505,6.1675164908883415,6.716594773520978,14.77102200299171
100 Darter (S.L. Industries),Piston,5.926926025970411,5.480638923341991,5.402677381872279,76.0,5.135798437050262,7.438383530044307,7.830425617820331,7.6544432264701125,8.824677891164198,8.351610750626559,5.993961427306569,6.1675164908883415,6.716594773520978,14.77102200299171
206H Stationair,Piston,5.736572297479192,5.459585514144159,5.4116460518550396,72.0,5.3612921657094255,7.326465613840322,7.861341795599989,7.780303087908373,8.817297783866575,8.421342865759403,6.077642243349034,6.270988431858299,7.002155954403621,14.940440154949757
100 Darter (S.L. Industries),Piston,5.736572297479192,5.476463551931511,5.4116460518550396,70.0,4.624972813284271,7.365180126021013,7.762170607138205,7.5310163320779155,8.756210091886738,8.303752415563412,6.003887067106539,6.171700597410915,6.993932975223189,14.917450636725059
P 206 Super Skylane,Piston,5.8289456176102075,5.442417710521793,5.365976015021851,72.0,5.1647859739235145,7.549609165154532,7.605890001053122,7.523481312573497,8.779557455883728,8.259716961021523,5.993961427306569,6.1675164908883415,6.811244378601294,14.77102200299171
100 Darter (S.L. Industries),Piston,5.926926025970411,5.44673737166631,5.37989735354046,70.0,5.8522024797744745,7.362010551259734,7.769378609513984,7.6638772587034705,9.035986984831405,8.510168576479273,6.161207321695077,6.320768294250582,6.315358001522335,14.77102200299171
195 B,Piston,5.783825182329737,5.438079308923196,5.3612921657094255,68.0,5.3612921657094255,7.27931883541462,7.693937325509272,7.818027938530729,8.83200393125627,8.351846738828245,6.077642243349034,6.270988431858299,6.774223886357614,14.805051751578022
100 Darter (S.L. Industries),Piston,5.703782474656201,5.43372200355424,5.3471075307174685,70.0,4.624972813284271,7.383989457978509,7.705262474866325,7.475905969367397,8.748304912379623,8.303504798872783,6.07073772800249,6.171700597410915,7.07326971745971,14.777921225451982
195,Piston,5.703782474656201,5.424950017481403,5.342334251964811,69.0,4.624972813284271,7.383989457978509,7.705262474866325,7.475905969367397,8.748304912379623,8.22121009392507,6.059123195581797,6.1675164908883415,6.725033642166843,14.777921225451982
100 Darter (S.L. Industries),Piston,5.703782474656201,5.424950017481403,5.342334251964811,69.0,4.624972813284271,7.383989457978509,7.705262474866325,7.475905969367397,8.748304912379623,8.20903626577507,6.0014148779611505,6.1675164908883415,7.004881989712859,14.777921225451982
T 188C Ag Husky (prior'81=4 mph less),Piston,5.736572297479192,5.493061443340548,5.43372200355424,71.0,4.624972813284271,7.408530566894626,7.684783943522785,7.52294091807237,8.697846691109495,8.339023005744759,6.021023349349527,6.124683390894205,7.00850518208228,14.907433858481587
100 Darter (S.L. Industries),Piston,5.652489180268651,5.420534999272286,5.3471075307174685,71.0,4.624972813284271,7.313220387090301,7.795646536334594,7.517520850603031,8.695339376799712,8.224163512637862,6.021023349349527,6.124683390894205,7.1372784372603855,14.790070197962406
A188B Ag Wagon ('79 & up) dispersal sys,Piston,5.703782474656201,5.438079308923196,5.3706380281276624,71.0,4.624972813284271,7.24422751560335,7.768533300926033,7.52294091807237,8.697846691109495,8.284756593190435,6.021023349349527,6.124683390894205,6.833031732786201,14.80132735248704
100 Darter (S.L. Industries),Piston,5.652489180268651,5.476463551931511,5.420534999272286,64.0,4.624972813284271,7.562161631225652,7.323170717943469,7.458186157340487,8.575462099540212,8.09346227450118,5.869296913133774,6.089044875446846,6.5998704992128365,14.880221294956703
A188 Ag Wagon restricted (prior'77=7/10 hgt),Piston,5.560681631015528,5.43372200355424,5.3612921657094255,63.0,4.624972813284271,7.506591780070841,7.367708572374371,7.554858521040676,8.556413904569519,8.089482474360754,5.869296913133774,6.089044875446846,6.5998704992128365,14.848695041309929
100 Darter (S.L. Industries),Piston,5.560681631015528,5.438079308923196,5.318119993844216,68.0,4.624972813284271,7.506591780070841,7.5443321080536885,7.628517626575055,8.515191188745565,8.06777619577889,5.8664680569332965,6.089044875446846,6.606650186198215,14.848695041309929
188 Ag Pickup fixed-prop ('72) restricted,Piston,5.652489180268651,5.4680601411351315,5.407171771460119,70.0,4.624972813284271,7.438383530044307,7.415776975415394,7.489970898834801,8.612503371220562,8.222285073872717,5.948034989180646,6.093569770045136,6.248042874508429,14.823468478364253
100 Darter (S.L. Industries),Piston,5.652489180268651,5.472270673671475,5.41610040220442,67.0,4.624972813284271,7.489970898834801,7.415776975415394,7.489970898834801,8.612503371220562,8.09925056179696,5.869296913133774,6.089044875446846,6.693323668269949,14.852247442914296
"188A,B Ag Wagon ('67-'71) fixed-prop normal",Piston,5.652489180268651,5.476463551931511,5.420534999272286,66.0,4.624972813284271,7.529406457837013,7.371489295214277,7.489970898834801,8.594154232552366,8.09925056179696,5.860786223465865,6.089044875446846,6.693323668269949,14.866332182796036
100 Darter (S.L. Industries),Piston,5.652489180268651,5.332718793265369,5.267858159063328,70.0,4.624972813284271,7.415776975415394,7.438383530044307,7.489970898834801,8.612503371220562,8.189522110748094,5.948034989180646,6.093569770045136,6.493753839851686,14.496078956317358
A185 F (float) (prior '79 = 4-8 gal less fuel),Piston,5.560681631015528,5.3230099791384085,5.2574953720277815,63.0,4.624972813284271,7.3098814858247865,7.492760300922379,7.436617265234227,8.575462099540212,8.075271546297458,5.869296913133774,6.089044875446846,6.522092798170152,14.48333993053993
A185 F II Skywagon (prior '81=less perform),Piston,5.560681631015528,5.327876168789581,5.262690188904886,62.0,4.624972813284271,7.3395376954076745,7.447751280047908,7.422373700986824,8.556413904569519,8.061486866871327,5.857933154483459,6.089044875446846,6.516193076042964,14.503645196700676
100 Darter (S.L. Industries),Piston,5.560681631015528,5.327876168789581,5.262690188904886,65.0,4.624972813284271,7.3395376954076745,7.447751280047908,7.366445148327599,8.556413904569519,8.047189562170502,5.8664680569332965,6.093569770045136,6.516193076042964,14.503645196700676
185 E Skywagon,Piston,5.560681631015528,5.332718793265369,5.267858159063328,65.0,4.624972813284271,7.371489295214277,7.402451520818244,7.3395376954076745,8.536995818712418,8.037220031133012,5.869296913133774,6.093569770045136,6.532334292222349,14.52354635101797
100 Darter (S.L. Industries),Piston,5.560681631015528,5.342334251964811,5.267858159063328,65.0,4.624972813284271,7.432483807917119,7.3427791893318455,7.549609165154532,8.536995818712418,8.027150106832774,5.8664680569332965,6.1070228877422545,6.532334292222349,14.56219850545225
R182 II RG Turbo Skylane,Piston,5.560681631015528,5.3471075307174685,5.25227342804663,73.0,4.624972813284271,7.495541943884256,7.240649694255466,7.450079569807499,8.515191188745565,8.022568946988255,5.8664680569332965,6.089044875446846,6.519147287940395,14.571632537685607
100 Darter (S.L. Industries),Piston,5.480638923341991,5.25227342804663,5.181783550292085,71.0,4.624972813284271,7.438383530044307,7.226209010100671,7.444248649496705,8.433811582477187,7.955074273262696,5.783825182329737,6.07073772800249,6.461468176353717,14.48333993053993
T-182R II Turbo Skylane,Piston,5.521460917862246,5.375278407684165,5.19295685089021,62.0,5.043425116919247,7.299797366758161,7.4673710669175595,7.27931883541462,8.517193191416238,8.103191752285786,5.8998973535824915,6.144185634125646,6.727431724850855,14.73180128983843
100 Darter (S.L. Industries),Piston,5.41610040220442,5.351858133476067,5.318119993844216,62.0,5.0106352940962555,7.064759027791802,7.313220387090301,7.423568444259167,8.45531778769815,8.065893546964274,5.8805329864007,6.126869184114185,6.844815479208263,14.508657738524219
182T Skylane,Piston,5.3471075307174685,5.332718793265369,5.298317366548036,62.0,4.499809670330265,7.05617528410041,7.423568444259167,7.408530566894626,8.440312147080279,8.018954683155718,5.8805329864007,6.126869184114185,6.984716320118266,14.508657738524219
100 Darter (S.L. Industries),Piston,5.3471075307174685,5.298317366548036,5.267858159063328,61.0,4.532599493153256,7.007600613951853,7.423568444259167,7.408530566894626,8.440312147080279,7.955074273262696,5.8805329864007,6.126869184114185,6.824373670043086,14.89051298099325
182R II (1981 & up),Piston,5.3471075307174685,5.303304908059076,5.272999558563747,61.0,4.532599493153256,7.051855622955894,7.374629015218945,7.408530566894626,8.411832675758411,7.942717540573791,5.8805329864007,6.1224928095143865,6.824373670043086,14.917450636725059
100 Darter (S.L. Industries),Piston,5.3471075307174685,5.303304908059076,5.272999558563747,59.0,4.532599493153256,7.051855622955894,7.374629015218945,7.326465613840322,8.411832675758411,7.9355873855892,5.8805329864007,6.1224928095143865,6.824373670043086,14.917450636725059
182 N Skylane,Piston,5.3471075307174685,5.308267697401205,5.278114659230517,57.0,4.532599493153256,7.1308988302963465,7.306531398939505,7.313220387090301,8.366370301681654,7.932003152361385,5.855071922202427,6.1224928095143865,6.824373670043086,14.946912669455374
100 Darter (S.L. Industries),Piston,5.3471075307174685,5.147494476813453,5.1298987149230735,61.0,4.499809670330265,6.84587987526405,7.423568444259167,7.408530566894626,8.440312147080279,7.981049759665957,5.877735781779639,6.126869184114185,7.037905963447182,14.304090572782945
"182 E,F,G,H",Piston,5.3471075307174685,5.153291594497779,5.10594547390058,61.0,4.532599493153256,7.003065458786462,7.423568444259167,7.408530566894626,8.440312147080279,7.899153483343097,5.877735781779639,6.126869184114185,6.824373670043086,14.403297222866392
100 Darter (S.L. Industries),Piston,5.3471075307174685,5.153291594497779,5.111987788356544,60.0,4.532599493153256,7.07326971745971,7.355641102974253,7.408530566894626,8.39840965542627,7.886081401775745,5.877735781779639,6.126869184114185,6.826545223556594,14.473030560881067
182,Piston,5.3471075307174685,5.153291594497779,5.111987788356544,60.0,4.532599493153256,7.090076835776092,7.3427791893318455,7.408530566894626,8.389359819906353,7.884199933676039,5.877735781779639,6.1224928095143865,6.824373670043086,14.48333993053993
100 Darter (S.L. Industries),Piston,5.3471075307174685,5.153291594497779,5.111987788356544,58.0,4.532599493153256,7.090076835776092,7.3427791893318455,7.326465613840322,8.389359819906353,7.882314918980268,5.877735781779639,6.1224928095143865,6.826545223556594,14.48333993053993
"180J,K amphib prior'76=4 gal more fuel (range w/80 gal fuel)",Piston,5.3471075307174685,5.159055299214529,5.117993812416755,57.0,4.532599493153256,7.1308988302963465,7.306531398939505,7.313220387090301,8.366370301681654,7.869019376499023,5.877735781779639,6.1224928095143865,6.826545223556594,14.508657738524219
100 Darter (S.L. Industries),Piston,5.3471075307174685,5.159055299214529,5.117993812416755,55.0,4.532599493153256,7.090076835776092,7.268920128193722,7.289610521451167,8.34283980427146,7.869019376499023,5.877735781779639,6.1224928095143865,6.826545223556594,14.53335035111459
"180J,K (ski) (prior'79=15,600 serv. ceil, less fuel)",Piston,5.3471075307174685,5.0689042022202315,5.0106352940962555,52.0,4.532599493153256,7.170119543449628,7.0431599159883405,7.240649694255466,8.268731832117737,7.749322464660356,5.872117789475416,6.1224928095143865,6.779921907472252,14.457364444136669
100 Darter (S.L. Industries),Propjet,6.51471269087253,5.204006687076795,5.0369526024136295,61.0,5.814130531825066,7.1180162044653335,7.627057417018934,7.411556287811163,8.987196820661973,8.287276755814599,6.1092475827643655,6.437751649736401,6.763884908562435,14.73180128983843
180,Propjet,6.51471269087253,5.225746673713202,5.0369526024136295,61.0,5.814130531825066,6.882437470997847,7.791522819150732,7.539027055823995,9.07680897935166,8.469052816088302,6.212606095751519,6.437751649736401,6.697034247666484,14.678400513111313
100 Darter (S.L. Industries),Piston,5.736572297479192,5.459585514144159,5.459585514144159,60.0,5.961005339623274,7.24422751560335,7.441906728051625,7.329749689041512,8.1886891244442,7.762170607138205,5.71042701737487,6.082218910376446,7.146772179452637,14.73180128983843
177 RG Cardinal,Piston,5.783825182329737,5.4116460518550396,5.356586274672012,55.0,4.442651256490317,7.047517221357296,7.6544432264701125,7.3777589082278725,8.318742252692399,7.81237820598861,5.8289456176102075,6.144185634125646,6.5722825426940075,14.73180128983843
100 Darter (S.L. Industries),Piston,5.736572297479192,5.303304908059076,5.25227342804663,58.0,4.499809670330265,6.851184927493743,7.67786350067821,7.313220387090301,8.294049640102028,7.816416983691801,5.823045895483019,6.089044875446846,6.493753839851686,14.648419680899378
177 B (thru'74)'70-'71 lgt=27/0 & hgt=9/1,Piston,5.783825182329737,5.4116460518550396,5.332718793265369,55.0,4.465908118654584,7.047517221357296,7.6544432264701125,7.3777589082278725,8.318742252692399,7.749322464660356,5.8289456176102075,6.144185634125646,6.5722825426940075,14.880221294956703
100 Darter (S.L. Industries),Piston,5.736572297479192,5.318119993844216,5.2574953720277815,58.0,4.499809670330265,6.835184586147301,7.67786350067821,7.313220387090301,8.294049640102028,7.741967899820685,5.823045895483019,6.089044875446846,6.5722825426940075,14.808762330974558
177 Cardinal,Piston,5.736572297479192,5.318119993844216,5.2832037287379885,57.0,4.499809670330265,6.937314081223682,7.549609165154532,7.313220387090301,8.242756345714477,7.743269700829004,5.823045895483019,6.089044875446846,6.595780513961311,14.862829552244833
100 Darter (S.L. Industries),Piston,5.652489180268651,5.3230099791384085,5.231108616854587,57.0,4.499809670330265,6.835184586147301,7.615791072035833,7.313220387090301,8.242756345714477,7.687080155783135,5.82600010738045,6.089044875446846,6.595780513961311,14.862829552244833
"175,-A,-B",Piston,5.652489180268651,5.313205979041787,5.267858159063328,55.0,4.48863636973214,7.016609683894219,7.21890970761906,7.2115567333138015,8.131530710604252,7.6255950721324535,5.82600010738045,6.089044875446846,6.6052979209482015,14.920767389351052
100 Darter (S.L. Industries),Piston,5.652489180268651,5.298317366548036,5.25227342804663,54.0,4.174387269895637,7.154615356913663,7.142827401161621,7.200424892944957,8.101677747454572,7.583247524303362,5.817111159963204,6.0844994130751715,6.289715570908998,14.956543562516336
172 Q Cutlass,Piston,5.703782474656201,5.1647859739235145,5.1298987149230735,53.0,4.465908118654584,6.966024187106113,7.6255950721324535,7.368339686311381,8.25582842728183,7.705262474866325,5.823045895483019,6.144185634125646,6.396929655216146,14.28551418721001
100 Darter (S.L. Industries),Piston,5.703782474656201,5.159055299214529,5.135798437050262,57.0,4.499809670330265,6.856461984594587,7.615791072035833,7.313220387090301,8.242756345714477,7.704811922932594,5.823045895483019,6.089044875446846,6.396929655216146,14.363631966473962
172S Skyhawk SP,Piston,5.652489180268651,5.159055299214529,5.117993812416755,55.0,4.499809670330265,6.907755278982137,7.21890970761906,7.2115567333138015,8.131530710604252,7.580699752224563,5.82600010738045,6.089044875446846,6.633318433280377,14.419826524817603
100 Darter (S.L. Industries),Piston,5.652489180268651,5.147494476813453,5.10594547390058,54.0,4.174387269895637,7.016609683894219,7.142827401161621,7.200424892944957,8.101677747454572,7.5310163320779155,5.817111159963204,6.0844994130751715,6.461468176353717,14.503645196700676
172 P II Skyhawk,Piston,5.652489180268651,5.153291594497779,5.111987788356544,53.0,4.174387269895637,7.098375638590786,7.01211529430638,7.150701457592526,8.039157390473237,7.528331766707247,5.8289456176102075,6.0844994130751715,6.461468176353717,14.557447902693651
100 Darter (S.L. Industries),Piston,5.560681631015528,5.135798437050262,5.075173815233827,52.0,4.174387269895637,7.146772179452637,7.098375638590786,7.01211529430638,8.006367567650246,7.484368643286131,5.7899601708972535,6.082218910376446,6.522092798170152,14.52354635101797
172 M Skyhawk ('76=4 mph more speed),Piston,5.560681631015528,5.153291594497779,5.10594547390058,51.0,4.174387269895637,7.170119543449628,7.034387929915503,7.081708586105575,7.9724660159745655,7.461640392208575,5.7899601708972535,6.07993319509559,6.551080335043404,14.543059165241552
100 Darter (S.L. Industries),Piston,5.736572297479192,5.135798437050262,5.081404364984463,59.0,4.110873864173311,6.785587645007929,7.528331766707247,7.313220387090301,8.242756345714477,7.720461694599722,5.955837369464831,6.063785208687608,6.368187186350492,14.77102200299171
R172K/Hawk XP (floats),Piston,5.703782474656201,5.0106352940962555,4.962844630259907,59.0,4.110873864173311,6.697034247666484,7.585788821732034,7.313220387090301,8.242756345714477,7.685703061234547,5.955837369464831,6.063785208687608,6.416732282512326,14.100689500197937
100 Darter (S.L. Industries),Piston,5.736572297479192,5.043425116919247,4.90527477843843,52.0,4.5217885770490405,6.727431724850855,7.933796874815411,7.4673710669175595,8.1886891244442,7.784889295655098,5.87493073085203,6.063785208687608,6.461468176353717,14.755517816455745
172 M (float plane 1974-76),Piston,5.652489180268651,5.056245805348308,4.962844630259907,50.0,4.174387269895637,6.856461984594587,7.783224016336037,7.383989457978509,8.1886891244442,7.738488122494646,5.834810737062605,6.063785208687608,6.439350371100098,14.699278098132869
100 Darter (S.L. Industries),Piston,5.703782474656201,4.919980925828125,4.875197323201151,51.0,4.5217885770490405,6.829793737512425,7.944492163932159,7.423568444259167,8.160518247477505,7.758760544157663,5.87493073085203,6.063785208687608,6.522092798170152,14.144814305106875
172 K & L float plane,Piston,5.703782474656201,4.912654885736052,4.867534450455582,53.0,4.110873864173311,6.75110146893676,7.813995675002791,7.358830898342354,8.160518247477505,7.7458682297922685,5.87493073085203,6.063785208687608,6.363028103540465,14.144814305106875
100 Darter (S.L. Industries),Piston,5.703782474656201,4.912654885736052,4.875197323201151,49.0,4.174387269895637,6.75110146893676,7.813995675002791,7.358830898342354,8.160518247477505,7.696212639346407,5.834810737062605,6.063785208687608,6.234410725718371,14.144814305106875
"172,-D,-E,-F,-G,-H",Piston,5.703782474656201,4.912654885736052,4.875197323201151,56.0,4.174387269895637,6.75110146893676,7.813995675002791,7.358830898342354,8.160518247477505,7.630461261783627,5.834810737062605,6.091309882077698,6.234410725718371,14.144814305106875
100 Darter (S.L. Industries),Piston,5.652489180268651,4.976733742420574,4.882801922586371,61.0,4.174387269895637,6.824373670043086,7.441906728051625,7.329749689041512,8.101677747454572,7.68017564043659,5.840641657373398,6.063785208687608,6.439350371100098,14.669925886120343
100 Darter (S.L. Industries),Piston,5.703782474656201,4.795790545596741,4.77912349311153,52.0,4.174387269895637,6.684611727667927,7.441906728051625,7.329749689041512,8.101677747454572,7.632885505395133,5.840641657373398,6.063785208687608,6.234410725718371,13.955272500339433
"170,-A,-B",Piston,5.736572297479192,5.159055299214529,5.0238805208462765,54.0,4.5217885770490405,6.917705609835305,7.402451520818244,7.240649694255466,8.1886891244442,7.633369649679584,5.82600010738045,6.063785208687608,6.461468176353717,14.808762330974558
100 Darter (S.L. Industries),Piston,5.652489180268651,5.159055299214529,4.997212273764115,53.0,4.174387269895637,6.937314081223682,7.501082124259871,7.240649694255466,8.1886891244442,7.5678626054638825,5.84354441703136,6.063785208687608,6.363028103540465,14.782494404153947
"150M, A150M (Aerobat span=32/9)",Piston,5.652489180268651,5.159055299214529,5.075173815233827,53.0,4.174387269895637,6.937314081223682,7.501082124259871,7.240649694255466,8.1886891244442,7.492760300922379,5.805134968916488,6.0844994130751715,6.440946540632921,14.782494404153947
100 Darter (S.L. Industries),Piston,5.703782474656201,5.049856007249537,4.990432586778736,54.0,4.5217885770490405,6.824373670043086,7.484368643286131,7.240649694255466,8.1886891244442,7.601901959875166,5.82600010738045,6.063785208687608,6.522092798170152,14.207552645740298
A 150 L Aerobat (1974),Piston,5.703782474656201,5.017279836814924,4.962844630259907,53.0,4.174387269895637,6.824373670043086,7.484368643286131,7.240649694255466,8.1886891244442,7.45298232946546,5.840641657373398,6.0844994130751715,6.234410725718371,14.207552645740298
100 Darter (S.L. Industries),Piston,5.652489180268651,5.017279836814924,4.955827057601261,53.0,4.174387269895637,6.824373670043086,7.501082124259871,7.200424892944957,8.1886891244442,7.492760300922379,5.808142489980444,6.0844994130751715,6.318968113746434,14.207552645740298
"150 H,J,K (K=8/8 height)",Piston,5.652489180268651,5.0369526024136295,4.969813299576001,52.0,4.174387269895637,6.980075940561763,7.142827401161621,7.200424892944957,8.101677747454572,7.473069088032197,5.808142489980444,6.0844994130751715,6.333279628139691,14.328334184392938
100 Darter (S.L. Industries),Piston,5.652489180268651,5.159055299214529,5.075173815233827,53.0,4.174387269895637,6.937314081223682,7.501082124259871,7.240649694255466,8.1886891244442,7.557472901614746,5.82600010738045,6.0844994130751715,6.411818267709897,14.782494404153947
"150 D,-E,-F,-G",Piston,5.736572297479192,5.181783550292085,5.0106352940962555,54.0,4.5217885770490405,6.956545443151569,7.461640392208575,7.240649694255466,8.1886891244442,7.762596048540069,5.82600010738045,6.068425588244111,6.569481420414296,14.808762330974558
100 Darter (S.L. Industries),Piston,5.703782474656201,5.017279836814924,4.955827057601261,54.0,4.5217885770490405,6.895682697747868,7.528331766707247,7.240649694255466,8.1886891244442,7.762596048540069,5.82600010738045,6.068425588244111,6.569481420414296,14.266586177324491
150,Piston,5.652489180268651,5.017279836814924,4.955827057601261,53.0,4.174387269895637,6.824373670043086,7.501082124259871,7.240649694255466,8.1886891244442,7.506591780070841,5.82600010738045,6.0844994130751715,6.318968113746434,14.207552645740298
100 Darter (S.L. Industries),Piston,5.652489180268651,5.0369526024136295,4.962844630259907,52.0,4.174387269895637,6.980075940561763,7.142827401161621,7.200424892944957,8.101677747454572,7.489970898834801,5.823045895483019,6.082218910376446,6.336825731146441,14.328334184392938
140,Piston,5.560681631015528,4.976733742420574,4.927253685157205,50.0,4.174387269895637,6.872128101338986,7.289610521451167,7.31986492980897,8.101677747454572,7.4673710669175595,5.7899601708972535,6.082218910376446,6.244166900663736,14.291744736960645
100 Darter (S.L. Industries),Piston,5.616771097666572,5.0238805208462765,4.962844630259907,54.0,4.382026634673881,7.034387929915503,7.380879035564116,7.3098814858247865,8.116715624819111,7.6255950721324535,5.7899601708972535,6.073044534100405,6.368187186350492,14.301018373745976
Vision Jet SF50,Piston,5.501258210544727,5.030437921392435,4.9344739331306915,56.0,4.382026634673881,6.956545443151569,7.4205789054108005,7.3098814858247865,8.116715624819111,7.615791072035833,5.7899601708972535,6.073044534100405,6.401917196727186,14.28551418721001
Columbia 400 LC-41,Piston,5.703782474656201,5.056245805348308,4.997212273764115,55.0,4.382026634673881,6.993932975223189,7.4205789054108005,7.3098814858247865,8.116715624819111,7.6255950721324535,5.7899601708972535,6.073044534100405,6.396929655216146,14.28551418721001
Columbia 350 LC-42,Piston,5.480638923341991,5.030437921392435,4.9344739331306915,56.0,4.382026634673881,6.993932975223189,7.4205789054108005,7.3098814858247865,8.116715624819111,7.608374474380783,5.7899601708972535,6.073044534100405,6.413458957167357,14.28551418721001
100 Darter (S.L. Industries),Piston,5.736572297479192,4.727387818712341,4.663439094112067,58.0,3.9889840465642745,6.234410725718371,7.630461261783627,7.142827401161621,8.389359819906353,7.7501841622578365,5.762051382780177,6.214608098422191,5.645446897643238,14.151982794585487
115TC,Piston,5.703782474656201,4.663439094112067,4.61512051684126,57.0,3.9889840465642745,6.142037405587356,7.718685495198466,7.142827401161621,8.34283980427146,7.709756864454165,5.739792912179234,6.214608098422191,5.66988092298052,13.567049198665774
100 Darter (S.L. Industries),Piston,5.703782474656201,4.672828834461906,4.634728988229636,55.0,3.9889840465642745,6.263398262591624,7.583247524303362,7.142827401161621,8.294049640102028,7.68662133494462,5.739792912179234,6.192362489474872,5.66988092298052,13.676248490630767
114TC,Piston,5.703782474656201,4.653960350157523,4.584967478670572,50.0,3.9889840465642745,6.536691597591305,6.993932975223189,7.142827401161621,8.34283980427146,7.705262474866325,5.752572638825633,6.214608098422191,5.66988092298052,13.919870573288517
100 Darter (S.L. Industries),Piston,5.703782474656201,4.653960350157523,4.584967478670572,50.0,3.6109179126442243,6.536691597591305,6.993932975223189,7.142827401161621,8.294049640102028,7.691200097522863,5.752572638825633,6.192362489474872,5.627621113690637,13.919870573288517
"114,('76-24/10 length + less performance)",Piston,5.438079308923196,4.51085950651685,4.356708826689592,50.0,3.6109179126442243,5.991464547107982,7.560080465021827,7.142827401161621,8.242756345714477,7.549609165154532,5.713732805509369,6.192362489474872,5.318119993844216,13.38472764187182
100 Darter (S.L. Industries),Piston,5.438079308923196,4.543294782270004,4.418840607796598,50.0,3.6109179126442243,6.131226489483141,7.461640392208575,7.142827401161621,8.242756345714477,7.51479976048867,5.713732805509369,6.192362489474872,5.318119993844216,13.554145793829866
112B,Piston,5.703782474656201,4.875197323201151,4.812184355372417,50.0,3.6109179126442243,6.84587987526405,6.877296071497429,7.142827401161621,8.101677747454572,7.520234556474628,5.752572638825633,6.182084906716632,5.627621113690637,14.266586177324491
100 Darter (S.L. Industries),Piston,5.438079308923196,4.634728988229636,4.61512051684126,50.0,3.6109179126442243,6.565264970035361,7.21890970761906,7.142827401161621,8.101677747454572,7.503840746698951,5.713732805509369,6.182084906716632,5.318119993844216,14.077874822431765
112,Piston,5.703782474656201,4.912654885736052,4.867534450455582,50.0,4.477336814478207,6.856461984594587,7.444248649496705,7.299797366758161,8.039157390473237,7.720017940432244,5.799092654460526,6.063785208687608,6.214608098422191,14.291744736960645
Top Cub,Piston,5.703782474656201,4.948759890378168,4.897839799950911,52.0,4.477336814478207,6.866933284461882,7.661527081358517,7.355641102974253,8.107720061910534,7.599901959208498,5.780743515792329,6.063785208687608,6.257667587882639,14.310206799800381
100 Darter (S.L. Industries),Piston,5.703782474656201,5.043425116919247,4.976733742420574,49.0,4.477336814478207,6.980075940561763,7.265429723253953,7.24422751560335,8.116715624819111,7.4673710669175595,5.730099782973574,6.063785208687608,6.4692503167957724,14.397726177816939
Falcon 900 (3-eng fan jet),Piston,5.703782474656201,5.043425116919247,4.990432586778736,51.0,4.174387269895637,6.946975992135418,7.1929342212158,7.24422751560335,8.116715624819111,7.355641102974253,5.723585101952381,6.073044534100405,6.152732694704104,14.375126345899696
100 Darter (S.L. Industries),Piston,5.703782474656201,5.030437921392435,4.976733742420574,54.0,4.174387269895637,6.856461984594587,7.162397497355718,7.158513997329321,8.101677747454572,7.352441100243583,5.723585101952381,6.073044534100405,6.152732694704104,14.340239086899256
Falcon 200,Piston,5.560681631015528,5.030437921392435,4.976733742420574,54.0,4.174387269895637,6.907755278982137,7.31986492980897,7.142827401161621,8.070906088787819,7.326465613840322,5.720311776607412,6.068425588244111,6.329720905522696,14.363631966473962
100 Darter (S.L. Industries),Piston,5.459585514144159,5.231108616854587,5.153291594497779,50.0,4.5217885770490405,6.946975992135418,7.358830898342354,7.1853870155804165,8.039157390473237,7.520776415062797,5.840641657373398,6.063785208687608,6.739336627357174,14.508657738524219
Falcon Fan Jet D 20,Piston,5.459585514144159,5.075173815233827,5.049856007249537,50.0,4.5217885770490405,7.038783541388542,7.358830898342354,7.1853870155804165,8.039157390473237,7.500529485395295,5.840641657373398,6.063785208687608,6.739336627357174,14.403297222866392
100 Darter (S.L. Industries),Piston,5.459585514144159,5.123963979403259,5.056245805348308,49.0,4.5217885770490405,6.872128101338986,7.29641326877392,7.2078598714324755,8.039157390473237,7.484930283289661,5.831882477283517,6.063785208687608,6.610696044717759,14.508657738524219
Falcon F 20,Piston,5.459585514144159,5.170483995038151,5.0689042022202315,49.0,4.5217885770490405,6.946975992135418,7.233455418621439,7.2078598714324755,8.039157390473237,7.637716432664798,5.8522024797744745,6.068425588244111,6.878326468291325,14.508657738524219
100 Darter (S.L. Industries),Piston,5.438079308923196,5.0106352940962555,4.976733742420574,49.0,4.5217885770490405,6.828712071641684,7.322510433997394,7.2078598714324755,8.039157390473237,7.585788821732034,5.8522024797744745,6.068425588244111,6.835184586147301,14.408837403242009
Falcon Fan Jet 10,Piston,5.438079308923196,4.962844630259907,4.941642422609304,46.0,4.477336814478207,6.828712071641684,7.393263094763838,7.154615356913663,8.04237800517328,7.540090320145325,5.817111159963204,5.2574953720277815,6.70073110954781,14.408837403242009
100 Darter (S.L. Industries),Piston,5.438079308923196,4.983606621708336,4.955827057601261,49.0,4.5217885770490405,6.762729506931879,7.323170717943469,7.2078598714324755,8.039157390473237,7.4815557019095165,5.817111159963204,6.063785208687608,6.705639094860003,14.214286677921642
DHC 6-300 Twin Otter Std. + '77-'78=less perf.,Piston,5.438079308923196,4.997212273764115,4.962844630259907,50.0,4.5217885770490405,6.917705609835305,7.2078598714324755,7.2078598714324755,7.989560449333865,7.469654172932128,5.817111159963204,6.063785208687608,6.705639094860003,14.316285845876763
100 Darter (S.L. Industries),Piston,5.438079308923196,4.983606621708336,4.9344739331306915,50.0,4.174387269895637,6.7912214627261855,7.2078598714324755,7.2078598714324755,7.989560449333865,7.402451520818244,5.820082930352362,6.063785208687608,6.309918278226516,14.386490104550012
DHC 6-200 Twin Otter,Piston,5.438079308923196,4.997212273764115,4.948759890378168,48.0,4.174387269895637,6.887552571664617,7.094234845924755,7.2078598714324755,7.937374696163295,7.3901814282264295,5.831882477283517,6.073044534100405,6.309918278226516,14.452087387035824
Twin Star Diamond DA42,Piston,5.438079308923196,4.997212273764115,4.948759890378168,48.0,4.174387269895637,6.887552571664617,7.094234845924755,7.2078598714324755,7.937374696163295,7.383989457978509,5.793013608384144,6.073044534100405,6.309918278226516,14.452087387035824
100 Darter (S.L. Industries),Piston,5.438079308923196,4.997212273764115,4.948759890378168,54.0,4.007333185232471,6.937314081223682,6.984716320118266,7.177782416195197,7.882314918980268,7.352441100243583,5.7430031878094825,6.068425588244111,6.1092475827643655,14.498607402670718
Katana DA20-C1,Piston,5.438079308923196,4.962844630259907,4.90527477843843,54.0,4.007333185232471,7.02108396428914,6.927557906278317,7.162397497355718,7.843848638152472,7.3395376954076745,5.7430031878094825,6.068425588244111,6.093569770045136,14.51364528003526
100 Darter (S.L. Industries),Piston,5.438079308923196,4.919980925828125,4.812184355372417,48.0,4.477336814478207,6.877296071497429,7.549609165154532,7.450079569807499,7.989560449333865,7.698029170272805,5.799092654460526,6.063785208687608,6.6895992691789665,14.240778293368619
100 Darter (S.L. Industries),Piston,5.438079308923196,4.919980925828125,4.812184355372417,48.0,4.110873864173311,6.897704943128636,7.635303886259415,7.450079569807499,7.989560449333865,7.6544432264701125,5.799092654460526,6.063785208687608,6.6895992691789665,14.28551418721001
TB-21 TC Trinidad,Piston,5.438079308923196,4.919980925828125,4.812184355372417,48.0,4.110873864173311,6.897704943128636,7.635303886259415,7.450079569807499,7.989560449333865,7.578145472419466,5.780743515792329,6.063785208687608,6.6895992691789665,14.28551418721001
100 Darter (S.L. Industries),Piston,5.438079308923196,4.919980925828125,4.812184355372417,48.0,4.477336814478207,6.813444599510896,7.441906728051625,7.329749689041512,7.937374696163295,7.489970898834801,5.846438775057725,6.063785208687608,6.6895992691789665,14.20077295875492
TB-200XL,Piston,5.438079308923196,4.997212273764115,4.948759890378168,48.0,4.477336814478207,7.003065458786462,7.094234845924755,7.21890970761906,7.937374696163295,7.438971592395862,5.730099782973574,6.063785208687608,6.6895992691789665,14.386490104550012
100 Darter (S.L. Industries),Piston,5.438079308923196,4.997212273764115,4.948759890378168,50.0,4.174387269895637,6.993932975223189,7.094234845924755,7.21890970761906,7.937374696163295,7.329749689041512,5.723585101952381,6.073044534100405,6.432940092739179,14.4884550312067
TB-9 Tampico Club,Piston,5.438079308923196,4.997212273764115,4.9344739331306915,54.0,4.007333185232471,7.029972911706386,6.984716320118266,7.1929342212158,7.882314918980268,7.349230824613334,5.7430031878094825,6.068425588244111,6.240275845170769,14.580978400103845
Eclipse 500,Piston,5.41610040220442,4.969813299576001,4.919980925828125,51.0,4.007333185232471,7.01211529430638,6.9985096422506015,7.177782416195197,7.843848638152472,7.3395376954076745,5.7430031878094825,6.068425588244111,6.240275845170769,14.566926646648195
100 Darter (S.L. Industries),Piston,5.298317366548036,5.056245805348308,5.003946305945459,50.0,4.110873864173311,6.829793737512425,7.368339686311381,7.2078598714324755,7.937374696163295,7.475905969367397,5.7899601708972535,6.054439346269371,6.214608098422191,14.352003928478842
Eurofox,Piston,5.298317366548036,5.030437921392435,4.969813299576001,50.0,3.9318256327243257,6.756932389247553,7.368339686311381,7.2078598714324755,7.937374696163295,7.396335293800808,5.7899601708972535,6.054439346269371,6.226536669287466,14.340239086899256
Excalibur '800' conv. Beech Twin Bonanza,Piston,5.19295685089021,4.9344739331306915,4.867534450455582,46.0,3.912023005428146,6.733401891837359,7.24422751560335,7.106606137727303,7.824046010856292,7.404279118037268,5.7899601708972535,6.054439346269371,6.194405391104672,14.19394699368452
Excalibur conv. Beech Twin Bonanza,Piston,5.19295685089021,4.890349128221754,4.812184355372417,46.0,3.912023005428146,6.733401891837359,7.24422751560335,7.106606137727303,7.824046010856292,7.3031700512368,5.7899601708972535,6.054439346269371,6.0330862217988015,14.19394699368452
100 Darter (S.L. Industries),Piston,5.19295685089021,4.867534450455582,4.787491742782046,49.0,3.8918202981106265,6.633318433280377,7.362010551259734,7.106606137727303,7.824046010856292,7.272398392570047,5.780743515792329,6.056784013228625,6.016157159698354,14.27293540500315
"Queen Air '8800' conv. Beech A80,B80",Piston,5.0106352940962555,4.8283137373023015,4.762173934797756,46.0,3.8918202981106265,6.507277712385012,7.362010551259734,7.034387929915503,7.762170607138205,7.254884810077338,5.780743515792329,6.056784013228625,6.3818160174060985,14.054527458434775
"Metro III,A",Piston,5.1647859739235145,4.812184355372417,4.770684624465665,56.0,3.9512437185814275,6.672032945461067,7.27931883541462,7.064759027791802,7.803843303538772,7.1891677384203225,5.703782474656201,6.068425588244111,6.3784261836515865,14.187074114396758
"Metro, II (prior '79 height=16/10)",Piston,5.1647859739235145,4.852030263919617,4.795790545596741,54.0,3.9512437185814275,6.745236349484363,7.200424892944957,7.051855622955894,7.762170607138205,7.179307969504034,5.703782474656201,6.068425588244111,6.385194398997726,14.279244574196415
100 Darter (S.L. Industries),Piston,5.19295685089021,4.969813299576001,4.941642422609304,50.0,4.189654742026425,6.684611727667927,7.4815557019095165,7.200424892944957,7.882314918980268,7.394493107219038,5.796057750765372,6.063785208687608,6.579251212010101,14.334304351379442
Merlin IV C,Piston,5.19295685089021,4.812184355372417,4.804021044733257,48.0,3.9889840465642745,6.522092798170152,7.432483807917119,7.19668657083435,7.843848638152472,7.299797366758161,5.777652323222656,6.07073772800249,6.163314804034641,14.346138809026444
100 Darter (S.L. Industries),Piston,5.272999558563747,4.882801922586371,4.867534450455582,47.0,3.9512437185814275,6.76849321164863,7.215239978730097,7.20414929203594,7.843848638152472,7.360103972989152,5.786897381366708,6.063785208687608,6.345636360828596,14.346138809026444
Fairchild 300,Piston,5.19295685089021,4.836281906951478,4.820281565605037,48.0,4.02535169073515,6.593044534142437,7.396335293800808,7.19668657083435,7.843848638152472,7.416378479192928,5.786897381366708,6.07073772800249,6.45833828334479,14.151982794585487
100 Darter (S.L. Industries),Piston,5.075173815233827,4.812184355372417,4.804021044733257,47.0,3.970291913552122,6.579251212010101,7.429520842786462,7.166265974133638,7.806696372521179,7.3777589082278725,5.777652323222656,6.07073772800249,6.363028103540465,14.115615150414612
"Merlin III C-23 (12,500 gross) (SN TT426 & up)",Piston,5.075173815233827,4.812184355372417,4.787491742782046,46.0,3.7612001156935624,6.551080335043404,7.393263094763838,7.154615356913663,7.783224016336037,7.282073658093465,5.777652323222656,6.063785208687608,6.0867747269123065,14.077874822431765
100 Darter (S.L. Industries),Piston,5.075173815233827,4.820281565605037,4.804021044733257,44.0,3.7612001156935624,6.646390514847729,7.237059026124737,7.1308988302963465,7.7406644019172415,7.265429723253953,5.777652323222656,6.063785208687608,6.0867747269123065,14.166167429577444
Merlin III A,Piston,5.0106352940962555,4.804021044733257,4.74493212836325,44.0,3.7376696182833684,6.4692503167957724,7.329749689041512,7.1308988302963465,7.7406644019172415,7.19668657083435,5.777652323222656,6.063785208687608,6.075346031088684,14.085537695177335
100 Darter (S.L. Industries),Piston,5.0106352940962555,4.804021044733257,4.74493212836325,43.0,3.7376696182833684,6.4692503167957724,7.329749689041512,7.1308988302963465,7.7406644019172415,7.181591944611865,5.777652323222656,6.061456918928017,6.0330862217988015,14.085537695177335
Merlin II A,Piston,5.272999558563747,4.762173934797756,4.7535901911063645,44.0,3.9512437185814275,6.76849321164863,7.52294091807237,7.237059026124737,7.843848638152472,7.51425465281641,5.7745515455444085,6.063785208687608,6.289715570908998,14.253765488895429
CTSW,Piston,5.075173815233827,4.564348191467836,4.553876891600541,44.0,3.7612001156935624,6.606650186198215,7.67786350067821,7.20414929203594,7.705262474866325,7.397561535524052,5.768320995793772,6.063785208687608,6.0867747269123065,14.22097566607244
800XP,Piston,5.0106352940962555,4.584967478670572,4.574710978503383,44.0,3.7376696182833684,6.5722825426940075,7.779048644925556,7.20414929203594,7.705262474866325,7.3613754289773485,5.780743515792329,6.063785208687608,6.075346031088684,13.997832114758229
100 Darter (S.L. Industries),Piston,5.0106352940962555,4.543294782270004,4.5217885770490405,45.0,3.7376696182833684,6.363028103540465,7.779048644925556,7.20414929203594,7.705262474866325,7.27931883541462,5.780743515792329,6.061456918928017,6.075346031088684,13.997832114758229
G V,Piston,5.0106352940962555,4.543294782270004,4.5217885770490405,45.0,3.7376696182833684,6.363028103540465,7.779048644925556,7.20414929203594,7.705262474866325,7.247792581767846,5.765191102784844,6.061456918928017,6.035481432524756,13.997832114758229
100 Darter (S.L. Industries),Piston,5.0106352940962555,4.804021044733257,4.74493212836325,43.0,3.7376696182833684,6.4692503167957724,7.329749689041512,7.1308988302963465,7.7406644019172415,7.170119543449628,5.777652323222656,6.073044534100405,6.244166900663736,14.085537695177335
G IV,Piston,4.976733742420574,4.795790545596741,4.736198448394496,43.0,3.7376696182833684,6.4692503167957724,7.329749689041512,7.1308988302963465,7.7406644019172415,7.1929342212158,5.762051382780177,6.073044534100405,6.244166900663736,14.085537695177335
100 Darter (S.L. Industries),Piston,4.976733742420574,4.795790545596741,4.736198448394496,43.0,3.7376696182833684,6.51471269087253,7.27931883541462,7.090076835776092,7.718685495198466,7.1929342212158,5.75890177387728,6.068425588244111,6.244166900663736,14.166167429577444
100 Darter (S.L. Industries),Piston,4.976733742420574,4.804021044733257,4.736198448394496,51.0,3.7376696182833684,6.593044534142437,7.222566018822171,7.016609683894219,7.696212639346407,7.1891677384203225,5.75890177387728,6.068425588244111,6.244166900663736,14.227620208791107
GII (G1159) with tip tanks,Piston,4.976733742420574,4.762173934797756,4.68213122712422,50.0,3.6109179126442243,6.492239835020471,7.408530566894626,7.016609683894219,7.696212639346407,7.138866999945524,5.703782474656201,6.068425588244111,6.040254711277414,14.100689500197937
100 Darter (S.L. Industries),Piston,4.976733742420574,4.804021044733257,4.6443908991413725,50.0,3.7376696182833684,6.536691597591305,7.506591780070841,7.0431599159883405,7.696212639346407,7.094234845924755,5.703782474656201,6.068425588244111,6.016157159698354,14.253765488895429
GI (G-159) ceiling quoted w/APU,Piston,4.700480365792417,4.700480365792417,4.672828834461906,43.0,3.258096538021482,6.5722825426940075,7.200424892944957,7.090076835776092,7.4205789054108005,7.039660349862076,5.666426688112432,5.986452005284438,5.752572638825633,14.20077295875492
"HS125-700,A (Hawk-Sidd mfg) ('77=24,200 gross)",Piston,4.605170185988092,4.6913478822291435,4.663439094112067,42.0,3.258096538021482,6.507277712385012,7.233455418621439,6.980075940561763,7.3777589082278725,7.00669522683704,5.659482215759621,5.986452005284438,5.713732805509369,14.151982794585487
100 Darter (S.L. Industries),Piston,4.605170185988092,4.663439094112067,4.624972813284271,42.0,3.258096538021482,6.507277712385012,7.233455418621439,6.980075940561763,7.3777589082278725,6.966024187106113,5.652489180268651,5.986452005284438,5.713732805509369,14.050582680143757
BH-124-400A (Beech mfg),Piston,4.605170185988092,4.68213122712422,4.634728988229636,42.0,3.258096538021482,6.507277712385012,7.233455418621439,6.980075940561763,7.3777589082278725,6.946975992135418,5.652489180268651,5.973809611869261,5.713732805509369,14.151982794585487
100 Darter (S.L. Industries),Piston,4.605170185988092,4.6443908991413725,4.605170185988092,42.0,3.258096538021482,6.507277712385012,7.233455418621439,6.980075940561763,7.3777589082278725,6.927557906278317,5.652489180268651,5.973809611869261,5.713732805509369,14.050582680143757
1124A Westwind 2,Piston,4.605170185988092,4.663439094112067,4.624972813284271,42.0,3.258096538021482,6.507277712385012,7.233455418621439,6.980075940561763,7.3777589082278725,6.970730078143525,5.652489180268651,5.973809611869261,5.713732805509369,14.050582680143757
100 Darter (S.L. Industries),Piston,4.605170185988092,4.499809670330265,4.442651256490317,43.0,3.258096538021482,6.327936783729195,7.637716432664798,6.745236349484363,7.408530566894626,7.02108396428914,5.666426688112432,5.973809611869261,5.62040086571715,13.883169206438088
1123 Commodore Jet,Piston,4.605170185988092,4.6913478822291435,4.624972813284271,43.0,3.258096538021482,6.507277712385012,7.226209010100671,6.980075940561763,7.3777589082278725,6.877296071497429,5.652489180268651,5.971261839790462,5.713732805509369,14.050582680143757
100 Darter (S.L. Industries),Piston,4.605170185988092,4.68213122712422,4.653960350157523,43.0,3.258096538021482,6.606650186198215,7.094234845924755,6.961296045910167,7.313220387090301,6.872128101338986,5.53338948872752,5.991464547107982,5.768320995793772,14.240778293368619
1121 Jet Commander,Piston,4.605170185988092,4.68213122712422,4.6443908991413725,47.0,3.258096538021482,6.606650186198215,7.094234845924755,6.961296045910167,7.313220387090301,6.8690144506657065,5.529429087511423,5.991464547107982,5.762051382780177,14.240778293368619
J250-SP,Piston,4.499809670330265,4.634728988229636,4.499809670330265,46.0,3.044522437723423,6.461468176353717,7.52294091807237,7.333023014386481,7.313220387090301,6.745236349484363,5.517452896464707,5.988961416889864,5.752572638825633,14.26019637922572
J230-SP,Piston,4.442651256490317,4.624972813284271,4.477336814478207,46.0,3.044522437723423,6.429719478039138,7.575584651557793,7.333023014386481,7.313220387090301,6.745236349484363,5.517452896464707,5.988961416889864,5.752572638825633,14.227620208791107
LA-4 Amphibian,Piston,4.442651256490317,4.6443908991413725,4.605170185988092,43.0,3.2188758248682006,6.461468176353717,7.52294091807237,7.333023014386481,7.27931883541462,6.706862336602747,5.517452896464707,5.971261839790462,5.966146739123692,14.253765488895429
C-1 Amphibian,Jet,7.520776415062797,5.739792912179234,5.720311776607412,67.0,7.600902459542082,7.3833681469923835,8.068402958569699,7.329749689041512,8.699514748210191,8.174702882469461,5.905361848054571,6.137727054086234,7.150701457592526,14.946912669455374
LA-4-200 Buccaneer (land specs),Piston,5.736572297479192,5.459585514144159,5.198497031265826,57.0,4.663439094112067,7.090076835776092,7.1308988302963465,7.762170607138205,8.1886891244442,7.824046010856292,5.71042701737487,6.059123195581797,7.170119543449628,14.73180128983843
XL2,Piston,5.736572297479192,5.459585514144159,5.187385805840755,57.0,4.663439094112067,7.090076835776092,7.1308988302963465,7.762170607138205,8.131530710604252,3.1354942159291497,5.71042701737487,6.059123195581797,7.170119543449628,14.403297222866392
Jetstar -8,Piston,5.736572297479192,5.459585514144159,5.247024072160486,57.0,4.663439094112067,7.090076835776092,7.1308988302963465,7.762170607138205,8.131530710604252,7.718685495198466,5.71042701737487,6.082218910376446,7.170119543449628,14.403297222866392
100 Darter (S.L. Industries),Piston,5.598421958998375,5.2832037287379885,5.231108616854587,59.0,4.499809670330265,6.956545443151569,7.706612913964197,7.179307969504034,8.103191752285786,7.674152921281675,5.700443573390687,5.976350909297934,6.76849321164863,14.73180128983843
8:00 AM,Piston,5.579729825986222,5.099866427824199,5.003946305945459,54.0,4.499809670330265,6.975413927455952,7.59337419312129,7.090076835776092,8.086410275323782,7.650644551436897,5.700443573390687,5.976350909297934,6.912742820493176,14.334304351379442
Superstar I (601P Aerostar),Piston,5.598421958998375,5.2832037287379885,5.176149732573829,59.0,4.499809670330265,6.956545443151569,7.706612913964197,7.179307969504034,8.103191752285786,7.67368812926773,5.700443573390687,5.973809611869261,6.76849321164863,14.73180128983843
MX-7-160,Piston,5.560681631015528,5.111987788356544,5.056245805348308,54.0,4.219507705176107,6.937314081223682,7.673223121121708,7.090076835776092,8.089482474360754,7.635303886259415,5.707110264748875,5.973809611869261,6.499787040655854,14.316285845876763
MX-7-180A,Piston,5.560681631015528,5.111987788356544,5.056245805348308,55.0,4.219507705176107,6.992096427415888,7.595889917718538,7.090076835776092,8.0519780789023,7.552237287560802,5.707110264748875,5.973809611869261,6.499787040655854,14.369395671190711
M-7-235,Piston,5.3471075307174685,5.135798437050262,5.093750200806762,54.0,3.871201010907891,6.81783057145415,7.4673710669175595,7.150701457592526,7.989560449333865,7.618251097876695,5.707110264748875,6.056784013228625,6.429719478039138,14.508657738524219
100 Darter (S.L. Industries),Piston,5.298317366548036,5.0106352940962555,4.955827057601261,51.0,3.871201010907891,6.856461984594587,7.511524648390866,6.946013991099227,7.937374696163295,7.480428306074208,5.707110264748875,6.056784013228625,6.354370040797351,14.224303456165114
M-5-235C,Piston,5.298317366548036,5.003946305945459,4.941642422609304,54.0,3.871201010907891,6.927557906278317,7.368339686311381,7.177782416195197,7.882314918980268,7.43307534889858,5.697093486505405,5.973809611869261,6.343880434126331,14.144814305106875
100 Darter (S.L. Industries),Piston,5.298317366548036,5.0238805208462765,4.962844630259907,53.0,4.0943445622221,6.907755278982137,7.286191714702382,7.177782416195197,7.843848638152472,7.333023014386481,5.700443573390687,5.973809611869261,6.620073206530356,14.346138809026444
100 Darter (S.L. Industries),Piston,5.19295685089021,4.882801922586371,4.700480365792417,42.0,3.9889840465642745,6.684611727667927,7.441906728051625,7.329749689041512,7.7406644019172415,7.090076835776092,5.641907070938114,6.045005314036012,6.318968113746434,14.403297222866392
M-5-180C,Piston,4.605170185988092,4.804021044733257,4.634728988229636,27.0,3.2188758248682006,6.672032945461067,6.882437470997847,6.946975992135418,7.1853870155804165,6.715383386334681,5.631211781821365,6.016157159698354,6.073044534100405,14.403297222866392
MU-300 Diamond II,Jet,8.465899897028686,6.240275845170769,6.129050210060545,81.0,9.860840977814656,8.294049640102028,8.507142855562735,8.160518247477505,10.725467604939041,10.024509780783578,6.679599185844383,6.634633357861686,8.389359819906353,15.226497531674536
100 Darter (S.L. Industries),Jet,8.411832675758411,6.240275845170769,6.129050210060545,81.0,9.860840977814656,8.160518247477505,8.575462099540212,8.160518247477505,10.725467604939041,10.024509780783578,6.679599185844383,6.634633357861686,8.34283980427146,15.176487111099874
MU-300 Diamond I,Jet,8.216088098632316,6.249975242259483,6.063785208687608,77.0,9.64988479373721,8.140315540159985,8.45531778769815,7.937374696163295,10.566175525611365,9.957028319464158,6.591673732008658,6.60934924316738,8.160518247477505,15.226497531674536
100 Darter (S.L. Industries),Jet,8.556413904569519,6.255750041753367,6.075346031088684,89.0,9.276502574229852,8.027802848370312,8.567886305731756,7.958576903813898,10.373491181781864,9.84161214881804,6.51471269087253,6.464588303689961,7.824046010856292,15.176487111099874
"MU-2L,-2N (-2N empty weight=7,760)",Jet,8.324821298768782,6.272877006546167,6.124683390894205,90.0,9.038365107236372,8.160518247477505,8.242756345714477,7.986164860332727,10.183200455338232,9.717157974344635,6.51471269087253,6.464588303689961,7.090076835776092,15.250595083253597
100 Darter (S.L. Industries),Jet,8.354674261918463,6.238324625039508,6.124683390894205,90.0,9.102755161296246,8.160518247477505,8.764053269347762,8.48673398393153,10.215996374922929,9.642122788401721,6.51471269087253,6.464588303689961,7.396335293800808,15.250595083253597
MU-2J,Jet,8.36985260351753,6.272877006546167,6.126869184114185,84.5,9.132378830506472,8.101677747454572,8.517193191416238,8.101677747454572,10.263257701382162,9.678467241209058,6.51471269087253,6.464588303689961,7.383989457978509,15.250595083253597
100 Darter (S.L. Industries),Jet,8.411832675758411,6.272877006546167,6.016157159698354,88.0,9.115809888129949,8.110727582974489,8.507142855562735,7.803843303538772,10.263257701382162,9.769956159911606,6.51471269087253,6.464588303689961,7.3864708488298945,15.123843377614453
MU-2F,Jet,8.080237416216702,6.240275845170769,6.129050210060545,84.0,8.684739462628038,8.433811582477187,8.437067146936952,7.919356190660617,9.867860374892977,9.323669057283185,6.302618975744905,6.244166900663736,7.510977752014095,15.176487111099874
100 Darter (S.L. Industries),Jet,8.080237416216702,6.240275845170769,6.129050210060545,88.0,8.684739462628038,8.433811582477187,8.437067146936952,7.919356190660617,9.838415555792412,9.287301413112312,6.302618975744905,6.244166900663736,7.510977752014095,15.319587954740548
Acclaim (M20TN),Jet,8.080237416216702,6.129050210060545,6.054439346269371,92.0,8.684401110400144,8.34283980427146,8.366370301681654,8.101677747454572,9.814656338829513,9.287301413112312,6.298949246855942,6.244166900663736,7.495541943884256,15.319587954740548
TLS (M20M),Propjet,6.429719478039138,5.204006687076795,5.135798437050262,58.0,7.8567067930958405,7.3777589082278725,7.313220387090301,7.570443252057374,9.433483923290392,8.83651926920248,6.431331081933479,6.659293919683638,5.703782474656201,14.797589030376432
100 Darter (S.L. Industries),Propjet,6.429719478039138,5.204006687076795,5.14166355650266,64.0,7.806696372521179,7.3777589082278725,7.570443252057374,7.570443252057374,9.433483923290392,8.920923462230686,6.431331081933479,6.659293919683638,5.703782474656201,14.797589030376432
PFM (M20L),Propjet,6.361302477572996,5.10594547390058,5.0106352940962555,57.0,7.806696372521179,7.170119543449628,7.549609165154532,7.598399329323964,9.356948391612272,8.88875674784872,6.431331081933479,6.659293919683638,6.569481420414296,14.703401815316731
Encore (MS20K),Piston,4.90527477843843,5.267858159063328,5.147494476813453,56.0,3.9512437185814275,7.154615356913663,7.455876687491824,7.537430036586509,8.277666160851503,7.9247959139564355,5.820082930352362,6.280395838960195,7.029087564149662,14.403297222866392
M-20C Ranger ('77-'78),Propjet,6.745236349484363,5.768320995793772,5.541263545158426,56.0,7.54274354536855,7.22983877815125,7.951559331155252,7.795646536334594,8.908424139496578,8.454892165218858,6.037870919922137,6.212606095751519,7.326465613840322,14.946912669455374
M-20-E Super 21 Chaparral,Propjet,6.551080335043404,5.703782474656201,5.673323267171493,61.0,7.54274354536855,7.77485576666552,7.372118028337787,7.617759576608505,8.791638037085997,8.306472160100585,6.037870919922137,6.212606095751519,7.354362330421477,14.914122846632385
100 Darter (S.L. Industries),Piston,5.521460917862246,5.298317366548036,5.231108616854587,54.0,4.454347296253507,7.025538314638521,7.577121930876679,7.4673710669175595,8.03365842788615,7.492760300922379,5.717027701406222,5.966146739123692,6.569481420414296,14.73180128983843
M-20-B Mark 21,Piston,5.521460917862246,5.117993812416755,5.075173815233827,54.0,4.454347296253507,7.138866999945524,7.577121930876679,7.4673710669175595,8.03365842788615,7.463936604468925,5.717027701406222,5.966146739123692,7.003065458786462,14.508657738524219
100 Darter (S.L. Industries),Piston,5.298317366548036,5.176149732573829,4.74493212836325,56.0,4.007333185232471,6.842683282238422,7.353081920515432,7.295735072749282,7.837948916025283,7.403670290012373,5.720311776607412,5.976350909297934,6.456769655572163,14.28551418721001
M-20-Mark 20,Piston,5.19295685089021,4.882801922586371,4.762173934797756,51.0,3.9889840465642745,6.672032945461067,7.4127640174265625,7.2399325913204695,7.837948916025283,7.29776828253138,5.703782474656201,5.950642552587727,6.569481420414296,14.077874822431765
100 Darter (S.L. Industries),Piston,5.075173815233827,5.176149732573829,4.663439094112067,50.0,3.713572066704308,6.6039438246004725,7.441906728051625,7.228388451573604,7.756623334538858,7.252053951852814,5.713732805509369,5.950642552587727,6.569481420414296,13.9108207377686
H-Rangemaster (1975-'76),Jet,6.802394763324311,4.1588830833596715,6.054439346269371,69.0,7.430114138561801,8.105911197986508,7.739359202689098,7.675546002537848,8.68609172787805,8.174702882469461,5.996452088619021,6.12029741895095,7.170119543449628,15.226497531674536
100 Darter (S.L. Industries),Propjet,6.620073206530356,5.3981627015177525,5.198497031265826,71.0,6.0867747269123065,7.408530566894626,8.294049640102028,8.389359819906353,9.47324295306374,8.988071438072634,6.386879319362645,6.401917196727186,6.569481420414296,14.580978400103845
100 Darter (S.L. Industries),Piston,4.605170185988092,5.099866427824199,4.787491742782046,46.0,3.1354942159291497,6.907755278982137,7.441906728051625,7.329749689041512,7.118826249062078,6.467698726104354,5.407171771460119,5.883322388488279,6.396929655216146,14.151982794585487
100 Darter (S.L. Industries),Piston,5.991464547107982,5.420534999272286,5.3612921657094255,71.0,5.438079308923196,7.533693709848633,7.329749689041512,7.570443252057374,8.935903526274423,8.536995818712418,5.932245187448011,6.313548046277095,6.569481420414296,14.613017753848462
PA-31-350 Chieftain ('81=optional fuel),Piston,5.940171252720432,5.476463551931511,5.420534999272286,71.0,5.438079308923196,7.549609165154532,7.110696122978827,7.517520850603031,8.895629627136483,8.411832675758411,5.932245187448011,6.313548046277095,6.569481420414296,14.914122846632385
100 Darter (S.L. Industries),Piston,5.991464547107982,5.3612921657094255,5.303304908059076,68.0,5.438079308923196,7.336285660021297,7.441906728051625,7.685243607975833,8.987196820661973,8.594154232552366,5.820082930352362,6.082218910376446,6.569481420414296,14.613017753848462
"PA-31-310 Turbo Navajo B,C (prior '80 less fuel)",Piston,5.991464547107982,5.3612921657094255,5.303304908059076,70.0,5.575949103146316,7.306531398939505,7.6255950721324535,7.803843303538772,9.082507000466299,8.66561319653451,5.820082930352362,6.082218910376446,6.569481420414296,14.508657738524219
PA-31-300 Navajo,Propjet,6.907755278982137,5.634789603169249,5.5134287461649825,88.0,6.473890696352274,7.876638460975463,8.15908865466791,7.329749689041512,9.581903928408666,9.075322160298095,6.568077911411976,6.52795791762255,7.510430556378006,14.91078394536687
100 Darter (S.L. Industries),Propjet,6.84587987526405,5.176149732573829,5.545177444479562,86.0,6.473890696352274,7.783224016336037,7.6255950721324535,7.585788821732034,9.433483923290392,8.987196820661973,6.568077911411976,6.318968113746434,7.1308988302963465,14.808762330974558
PA-23 E Turbo Aztec (1971 length=30/2),Propjet,6.907755278982137,5.627621113690637,5.5134287461649825,88.0,6.473890696352274,7.876638460975463,8.113726085970747,7.996317231796746,9.581903928408666,9.126958763037132,6.568077911411976,6.52795791762255,7.620705086838262,14.91078394536687
100 Darter (S.L. Industries),Propjet,6.907755278982137,5.645446897643238,5.564520407322694,87.0,6.473890696352274,7.799753318287247,7.955074273262696,7.836764783264067,9.546812608597396,9.116029692504942,6.568077911411976,6.52795791762255,7.620705086838262,14.914122846632385
"PA-23 D,E Aztec (prior '72 length=30/2)",Propjet,6.733401891837359,5.598421958998375,5.1298987149230735,86.0,6.298949246855942,7.783224016336037,7.6255950721324535,7.585788821732034,9.433483923290392,9.011889433252344,6.568077911411976,6.318968113746434,7.503840746698951,14.808762330974558
100 Darter (S.L. Industries),Propjet,6.802394763324311,5.713732805509369,5.575949103146316,92.0,6.473890696352274,7.882314918980268,8.03268487596762,7.9391588179567965,9.490242257109001,9.011889433252344,6.226536669287466,6.354370040797351,7.686162303492906,14.893920139314865
PA-23 C Aztec,Propjet,6.802394763324311,5.703782474656201,5.579729825986222,92.0,6.473890696352274,7.882314918980268,7.979338895262328,8.169053149927343,9.490242257109001,9.005773206234908,6.226536669287466,6.318968113746434,7.613324979540639,14.808762330974558
100 Darter (S.L. Industries),Propjet,6.802394763324311,5.713732805509369,5.575949103146316,89.0,6.473890696352274,7.937374696163295,7.783224016336037,8.11969625295725,9.433483923290392,8.998384010052538,6.226536669287466,6.318968113746434,7.613324979540639,14.893920139314865
"PA34-180, Seneca V",Propjet,6.802394763324311,5.733341276897746,5.68697535633982,89.0,6.473890696352274,7.930206206684683,7.996317231796746,8.083328608786376,9.433483923290392,8.961879012677683,6.226536669287466,6.318968113746434,7.613324979540639,14.959733357884437
100 Darter (S.L. Industries),Propjet,6.733401891837359,5.645446897643238,5.1298987149230735,83.0,6.473890696352274,7.835974581721566,7.673223121121708,7.358830898342354,9.433483923290392,8.935903526274423,6.226536669287466,6.318968113746434,7.8898337513942955,14.876767060088614
PA-34-220T Seneca III (roc=t/o power),Propjet,6.499787040655854,5.176149732573829,5.54907608489522,76.0,5.955837369464831,7.930206206684683,7.996317231796746,8.083328608786376,9.210340371976184,8.724207360800564,6.175867270105761,6.309918278226516,7.183870715062453,14.91078394536687
100 Darter (S.L. Industries),Propjet,6.309918278226516,5.176149732573829,5.459585514144159,75.0,5.955837369464831,7.575584651557793,7.7406644019172415,7.77485576666552,9.190137664658664,8.711937268208748,6.175867270105761,6.309918278226516,7.1308988302963465,14.946912669455374
100 Darter (S.L. Industries),Piston,4.605170185988092,4.787491742782046,4.718498871295094,39.0,3.5263605246161616,6.866933284461882,7.441906728051625,7.329749689041512,7.1853870155804165,6.47543271670409,5.497168225293202,6.082218910376446,6.984716320118266,14.151982794585487
100 Darter (S.L. Industries),Piston,4.605170185988092,4.976733742420574,4.77912349311153,35.0,3.367295829986474,6.745236349484363,6.956545443151569,7.003065458786462,7.1853870155804165,6.633318433280377,5.497168225293202,5.934894195619588,6.593044534142437,14.093142294562554
PA-39 C/R Turbo Twin Comanche,Piston,4.605170185988092,4.890349128221754,4.7535901911063645,36.0,2.8903717578961645,6.745236349484363,7.27931883541462,7.251344983372214,7.1853870155804165,6.709304340258298,5.5053315359323625,5.5053315359323625,5.991464547107982,14.093142294562554
PA-30 B Turbo Twin Comanche,Jet,9.598998361767967,6.246106765481563,6.129050210060545,56.0,10.621327345686446,7.090076835776092,8.677609912822142,7.989560449333865,11.400875961161606,10.753638481905739,7.053585727193677,7.022868086082641,8.779557455883728,15.444751097694555
100 Darter (S.L. Industries),Jet,9.536040511615484,6.22455842927536,6.129050210060545,115.0,10.292145542327912,8.324093761450404,8.60337088765729,8.06777619577889,11.225243392518447,10.657259354912508,6.966024187106113,6.839476438228843,8.347590407030058,15.319587954740548
PA-23-150 Apache,Jet,9.536040511615484,6.234410725718371,6.129050210060545,108.0,10.292145542327912,8.347353412124338,8.568836424568076,8.129469764784231,11.200950699949402,10.657259354912508,6.966024187106113,6.839476438228843,8.393894975071744,15.319587954740548
100 Darter (S.L. Industries),Jet,9.341368634382587,6.220590170099739,6.129050210060545,104.0,10.25061708363133,8.30622521603216,8.539932678385727,8.086410275323782,11.151955596748616,10.545341438708522,6.904750769961838,6.839476438228843,8.23403420769204,15.319587954740548
100 Darter (S.L. Industries),Jet,9.341368634382587,6.220590170099739,6.129050210060545,103.0,10.25061708363133,8.30622521603216,8.539932678385727,8.086410275323782,11.151955596748616,10.549281036712603,6.8658910748834385,6.839476438228843,8.210668031162976,15.319587954740548
PA-24-C 260 Comanche,Jet,9.341368634382587,6.220590170099739,6.129050210060545,103.0,10.196157166498947,8.352318548226004,8.656955133791396,8.060855752934316,11.089805421623343,10.523687625340008,6.8658910748834385,6.76849321164863,7.9355873855892,15.319587954740548
100 Darter (S.L. Industries),Jet,9.341368634382587,6.220590170099739,6.129050210060545,108.0,10.056208639553791,8.376781037699493,8.63497622707262,8.0702808933939,11.079060882340366,10.506272293015682,6.8658910748834385,6.717804695023691,7.860185057472165,15.319587954740548
PA-32R-301T Saratoga II TC,Propjet,7.575584651557793,5.8289456176102075,5.700443573390687,87.0,9.255600503381046,7.549609165154532,7.441906728051625,7.329749689041512,10.491274217438248,10.043597260520773,6.639875833826536,6.84587987526405,7.679713639966372,14.914122846632385
100 Darter (S.L. Industries),Jet,8.216088098632316,6.093569770045136,5.991464547107982,87.0,9.153770020487789,8.006367567650246,8.66561319653451,8.1886891244442,10.118598932153073,9.557469903071384,6.411818267709897,6.335054251498059,6.569481420414296,15.226497531674536
PA-32-300 '73-74 hgt=7/9 ('79 fuel=94 gal),Jet,8.229511118964457,6.1224928095143865,6.075346031088684,83.0,9.153770020487789,8.411832675758411,8.48673398393153,7.661527081358517,10.126631103850338,9.462265724715845,6.406879986069314,6.335054251498059,6.569481420414296,15.226497531674536
100 Darter (S.L. Industries),Jet,8.11969625295725,6.093569770045136,5.953243334287785,77.0,9.116029692504942,8.039157390473237,8.517193191416238,7.595889917718538,10.056208639553791,9.385972940619341,6.343880434126331,6.335054251498059,6.569481420414296,15.226497531674536
PA-32-260 ('74-'78) 1974 height=7/9,Jet,8.11969625295725,6.093569770045136,5.953243334287785,79.0,9.116029692504942,8.330863613224745,8.242756345714477,7.803843303538772,10.030120203469494,9.392661928770137,6.343880434126331,6.335054251498059,6.569481420414296,15.226497531674536
100 Darter (S.L. Industries),Jet,8.216088098632316,6.16541785423142,6.028278520230698,89.0,9.167432870964907,8.160518247477505,8.565983355585669,7.762170607138205,10.06475570013225,9.457200449907708,6.440946540632921,6.285998094508865,7.973844375944687,15.319587954740548
"PA-28R-,RT-,201T Turbo Arrow III, IV",Jet,8.216088098632316,6.154858094016418,6.054439346269371,90.0,9.072227069846548,8.070906088787819,8.507142855562735,7.803843303538772,10.036706396322352,9.433483923290392,6.440946540632921,6.285998094508865,7.799753318287247,15.319587954740548
100 Darter (S.L. Industries),Jet,8.039157390473237,6.154858094016418,6.054439346269371,87.0,9.061840363657739,8.303999970955196,8.656955133791396,7.9724660159745655,9.93788897925346,9.350102314351341,6.440946540632921,6.284134161070802,7.27931883541462,15.319587954740548
PA-28-200R Arrow II (1973-'76),Jet,7.989560449333865,6.154858094016418,6.054439346269371,84.0,8.902455592206882,8.517193191416238,8.60337088765729,8.268731832117737,9.825526011066415,9.259130536145614,6.405228458030842,6.251903883165888,7.003065458786462,15.319587954740548
100 Darter (S.L. Industries),Jet,7.955074273262696,6.154858094016418,6.054439346269371,82.0,8.740336742730447,8.389359819906353,8.594154232552366,8.268731832117737,9.769956159911606,9.259130536145614,6.405228458030842,6.251903883165888,6.856461984594587,15.201804919084164
100 Darter (S.L. Industries),Piston,4.787491742782046,4.8283137373023015,4.787491742782046,39.0,3.58351893845611,6.551080335043404,7.441906728051625,7.329749689041512,7.1853870155804165,6.659293919683638,5.54907608489522,5.886104031450156,6.733401891837359,14.22097566607244
PA-28 180 Challenger & Archer,Piston,4.787491742782046,4.867534450455582,4.787491742782046,39.0,3.5553480614894135,6.551080335043404,7.441906728051625,7.329749689041512,7.1853870155804165,6.684611727667927,5.54907608489522,5.963579343618446,6.684611727667927,14.22097566607244
100 Darter (S.L. Industries),Piston,5.19295685089021,4.804021044733257,4.736198448394496,39.0,3.6888794541139363,6.684611727667927,7.150701457592526,6.802394763324311,7.783224016336037,7.349230824613334,5.700443573390687,6.1224928095143865,5.69035945432406,14.077874822431765
PA-28 C 150 Cherokee,Piston,5.19295685089021,4.812184355372417,4.762173934797756,45.0,3.4011973816621555,6.684611727667927,7.226209010100671,6.802394763324311,7.762170607138205,7.326465613840322,5.641907070938114,6.0112671744041615,5.720311776607412,14.115615150414612
100 Darter (S.L. Industries),Piston,5.0106352940962555,4.6913478822291435,4.574710978503383,50.0,3.4011973816621555,6.551080335043404,7.346010209913293,6.802394763324311,7.673223121121708,7.27931883541462,5.641907070938114,6.0112671744041615,5.768320995793772,13.764217263576723
"PA-28 150,B 150 Cherokee",Piston,5.19295685089021,4.8283137373023015,4.804021044733257,39.0,3.6888794541139363,6.907755278982137,7.1308988302963465,7.329749689041512,7.783224016336037,7.20414929203594,5.700443573390687,6.1224928095143865,5.69035945432406,14.115615150414612
100 Darter (S.L. Industries),Piston,5.19295685089021,5.003946305945459,4.962844630259907,39.0,3.6888794541139363,6.684611727667927,7.150701457592526,6.802394763324311,7.783224016336037,7.362010551259734,5.700443573390687,6.1224928095143865,6.297109319933935,14.508657738524219
PA-28-151 Warrior (prior '77 stall=58),Piston,5.298317366548036,5.176149732573829,4.867534450455582,39.0,3.6888794541139363,7.090076835776092,6.774223886357614,6.802394763324311,7.8632667240095735,7.336285660021297,5.700443573390687,6.1224928095143865,6.12029741895095,14.20077295875492
100 Darter (S.L. Industries),Piston,5.298317366548036,4.90527477843843,4.867534450455582,39.0,3.6888794541139363,7.090076835776092,6.956545443151569,6.856461984594587,7.897296472595885,7.349230824613334,5.700443573390687,6.1224928095143865,6.12029741895095,14.20077295875492
"PA-25 235 C,D Pawnee (normal category)",Jet,8.101677747454572,6.206575926724928,6.075346031088684,106.0,7.886081401775745,8.306472160100585,7.441906728051625,8.143226750367445,10.643041105910228,9.952230096524119,6.586171654854675,6.481577129276431,6.569481420414296,15.27412558066379
100 Darter (S.L. Industries),Piston,4.499809670330265,4.564348191467836,4.418840607796598,37.0,3.2188758248682006,6.492239835020471,7.52294091807237,7.3395376954076745,7.24422751560335,6.76849321164863,5.480638923341991,6.040254711277414,5.60947179518496,14.28551418721001
PA-22 135 Tri-Pacer,Piston,4.442651256490317,4.51085950651685,4.418840607796598,37.0,3.4011973816621555,6.461468176353717,7.52294091807237,7.3395376954076745,7.24422751560335,6.673297967767654,5.4638318050256105,6.028278520230698,5.846438775057725,14.253765488895429
100 Darter (S.L. Industries),Piston,4.174387269895637,4.51085950651685,4.356708826689592,37.0,2.6390573296152584,6.309918278226516,7.575584651557793,7.3395376954076745,7.138866999945524,6.620073206530356,5.4638318050256105,6.028278520230698,5.204006687076795,14.151982794585487
PA-18 95 Super Cub,Piston,5.075173815233827,5.176149732573829,4.90527477843843,40.0,3.6888794541139363,6.715383386334681,7.07326971745971,6.214608098422191,7.696212639346407,7.1929342212158,5.638354669333745,5.973809611869261,6.29156913955832,14.077874822431765
100 Darter (S.L. Industries),Piston,5.19295685089021,5.176149732573829,4.941642422609304,40.0,3.6888794541139363,6.824373670043086,7.047517221357296,6.214608098422191,7.783224016336037,7.2078598714324755,5.638354669333745,6.082218910376446,6.214608098422191,14.22097566607244
100 Darter (S.L. Industries),Piston,5.459585514144159,5.176149732573829,4.997212273764115,30.0,3.6888794541139363,7.2078598714324755,6.396929655216146,6.396929655216146,7.824046010856292,7.313220387090301,5.60947179518496,5.986452005284438,6.169610732491456,14.508657738524219
PA-11,Piston,5.459585514144159,5.056245805348308,4.859812404361672,38.0,3.6888794541139363,7.549609165154532,6.29156913955832,6.29156913955832,7.824046010856292,7.261927092702751,5.641907070938114,5.986452005284438,5.886104031450156,14.508657738524219
100 Darter (S.L. Industries),Piston,5.459585514144159,5.176149732573829,5.0106352940962555,33.0,3.6888794541139363,7.2078598714324755,6.396929655216146,6.396929655216146,7.7406644019172415,7.24422751560335,5.641907070938114,5.91350300563827,5.886104031450156,14.508657738524219
Kodiak 100,Piston,5.393627546352362,5.056245805348308,5.0106352940962555,33.0,3.7376696182833684,7.1308988302963465,6.371611847231857,6.396929655216146,7.7406644019172415,7.170119543449628,5.627621113690637,5.91350300563827,6.184148890937483,14.457364444136669
G3,Piston,5.3471075307174685,5.176149732573829,5.135798437050262,33.0,3.6888794541139363,7.1308988302963465,6.396929655216146,6.396929655216146,7.7406644019172415,7.24422751560335,5.60947179518496,5.91350300563827,6.063785208687608,14.508657738524219
Super 340 (Cessna 340 conversion),Piston,5.3471075307174685,5.056245805348308,4.919980925828125,33.0,3.6888794541139363,7.1308988302963465,6.396929655216146,6.396929655216146,7.7406644019172415,7.2078598714324755,5.60947179518496,5.91350300563827,5.84354441703136,14.403297222866392
100 Darter (S.L. Industries),Piston,5.19295685089021,5.176149732573829,4.912654885736052,33.0,3.6888794541139363,6.802394763324311,6.684611727667927,6.396929655216146,7.7406644019172415,7.170119543449628,5.60947179518496,5.91350300563827,6.263398262591624,14.22097566607244
TurboStream (Cessna 310 & 320 conv) 310hp,Piston,5.393627546352362,5.056245805348308,5.0238805208462765,35.0,3.7376696182833684,7.1308988302963465,6.396929655216146,6.476972362889683,7.7406644019172415,7.154615356913663,5.575949103146316,5.87493073085203,6.272877006546167,14.457364444136669
100 Darter (S.L. Industries),Piston,5.3471075307174685,5.056245805348308,4.962844630259907,35.0,3.7376696182833684,7.1308988302963465,6.371611847231857,6.396929655216146,7.649692623711514,7.1308988302963465,5.575949103146316,5.87493073085203,6.214608098422191,14.403297222866392
Rocket (Cessna 310 conversion),Piston,5.19295685089021,4.997212273764115,4.90527477843843,35.0,3.7376696182833684,6.907755278982137,6.551080335043404,6.396929655216146,7.7406644019172415,7.1308988302963465,5.598421958998375,5.87493073085203,6.263398262591624,14.346138809026444
305 Rocket,Piston,4.976733742420574,5.056245805348308,4.867534450455582,35.0,3.7376696182833684,6.551080335043404,6.802394763324311,6.396929655216146,7.649692623711514,7.003065458786462,5.575949103146316,5.87493073085203,6.620073206530356,13.997832114758229
100 Darter (S.L. Industries),Piston,6.874198495453294,5.017279836814924,4.6913478822291435,54.0,4.663439094112067,7.24422751560335,7.441906728051625,7.3777589082278725,9.137769679141348,8.612503371220562,5.924255797414532,6.54534966033442,6.569481420414296,14.73180128983843
100 Darter (S.L. Industries),Jet,7.9724660159745655,6.1224928095143865,6.082218910376446,56.0,8.357024439263416,8.064636475774222,8.281470857895167,7.982757702011113,9.666498594399865,9.202812105555392,6.364750756851911,6.257667587882639,7.333023014386481,15.226497531674536
"200 D Meyers (Prop Jets, Inc.)",Jet,7.824046010856292,6.063785208687608,5.991464547107982,77.0,8.357024439263416,8.022896869601457,8.25582842728183,7.937374696163295,9.59082949401417,9.149528232579426,6.364750756851911,6.257667587882639,7.321849713788356,15.226497531674536
100 Darter (S.L. Industries),Jet,7.824046010856292,6.073044534100405,6.016157159698354,77.0,6.470799503782602,8.006367567650246,8.318742252692399,7.90100705199242,9.53892443574839,9.02401079378469,6.363028103540465,6.255750041753367,7.31986492980897,15.226497531674536
"200 Meyers (Prop Jets, Inc.)",Propjet,6.656726524178391,5.733341276897746,5.69035945432406,77.0,5.998936561946683,7.696212639346407,7.682482446534506,7.539027055823995,9.356602878954435,8.942460926820582,6.159095388491933,6.152732694704104,7.237778191923443,14.905754596961867
100 Darter (S.L. Industries),Propjet,6.588926477533519,5.7745515455444085,5.746203190540153,73.0,5.998936561946683,7.762170607138205,7.495541943884256,7.3777589082278725,9.256269303864583,8.855092980028635,5.988961416889864,6.152732694704104,7.3777589082278725,15.02447090380125
100 Darter (S.L. Industries),Propjet,6.584791392385716,5.75890177387728,5.717027701406222,73.0,5.8971538676367405,7.951559331155252,7.495541943884256,7.3777589082278725,9.256269303864583,8.834045641167798,5.988961416889864,6.152732694704104,7.1308988302963465,14.98489191752059
100 Darter (S.L. Industries),Propjet,6.654152520183219,5.69035945432406,5.645446897643238,77.0,5.8971538676367405,7.874739125171811,7.682482446534506,7.539027055823995,9.356602878954435,8.931948346431495,6.159095388491933,6.152732694704104,7.090076835776092,14.900699826300244
100 Darter (S.L. Industries),Propjet,6.584791392385716,5.75890177387728,5.598421958998375,71.0,5.902633333401366,8.039157390473237,7.438383530044307,7.306531398939505,9.20230820027892,8.68609172787805,5.988961416889864,6.152732694704104,7.069023426578259,15.01547534089267
Sabre 75A,Propjet,6.584791392385716,5.703782474656201,5.579729825986222,73.0,5.902633333401366,7.897296472595885,7.533693709848633,7.4205789054108005,9.287301413112312,8.824677891164198,6.159095388491933,6.152732694704104,7.047517221357296,14.940440154949757
100 Darter (S.L. Industries),Propjet,6.558197802812269,5.645446897643238,5.564520407322694,73.0,5.902633333401366,7.859413154693583,7.5443321080536885,7.4205789054108005,9.287301413112312,8.809862805379057,6.159095388491933,6.152732694704104,7.003065458786462,14.808762330974558
Sabre 65,Propjet,6.558197802812269,5.69035945432406,5.598421958998375,71.0,5.902633333401366,7.963807953231451,7.438383530044307,7.1853870155804165,9.20230820027892,8.663887570567042,5.988961416889864,6.152732694704104,7.047517221357296,14.927368073382404
100 Darter (S.L. Industries),Propjet,6.405228458030842,5.564520407322694,5.1298987149230735,64.0,5.652489180268651,7.600902459542082,7.3777589082278725,7.003065458786462,9.097171673870545,8.653470809708786,5.988961416889864,6.152732694704104,6.779921907472252,14.77102200299171
100 Darter (S.L. Industries),Piston,5.634789603169249,5.488937726156687,5.4680601411351315,59.0,4.605170185988092,7.22983877815125,7.441906728051625,7.329749689041512,8.123854263105914,7.7706452341291765,5.771441123130016,6.07993319509559,7.524021415206125,14.73180128983843
Sting Sport S3,Jet,5.634789603169249,5.488937726156687,5.1647859739235145,56.0,4.48863636973214,7.226209010100671,7.649692623711514,7.882314918980268,8.122074375362217,7.77485576666552,5.768320995793772,6.082218910376446,7.150701457592526,14.73180128983843
108-3,Piston,5.598421958998375,5.4638318050256105,5.407171771460119,58.0,4.564348191467836,7.114769448366463,7.6255950721324535,7.8632667240095735,8.122074375362217,7.763446388727362,5.777652323222656,6.07073772800249,6.569481420414296,14.73180128983843
108-1,Piston,5.634789603169249,5.2832037287379885,5.25227342804663,60.0,4.553876891600541,7.090076835776092,7.438383530044307,7.3777589082278725,8.122074375362217,7.696212639346407,5.771441123130016,6.07073772800249,6.802394763324311,14.557447902693651
GC-1B,Piston,5.37989735354046,5.081404364984463,5.1298987149230735,57.0,4.110873864173311,6.937314081223682,7.843848638152472,7.554858521040676,7.9724660159745655,7.602401335665818,5.777652323222656,6.07073772800249,6.569481420414296,14.473030560881067
SA-160,Piston,5.736572297479192,5.37989735354046,5.298317366548036,60.0,4.5217885770490405,7.02108396428914,7.639642287858013,7.3453648404168685,8.210668031162976,7.77485576666552,5.746203190540153,6.040254711277414,6.70073110954781,14.690979295318174
F-21B,Piston,5.736572297479192,5.2832037287379885,5.135798437050262,59.0,4.605170185988092,7.170119543449628,7.8632667240095735,7.824046010856292,8.125630988477065,7.718685495198466,5.768320995793772,6.082218910376446,7.27931883541462,14.508657738524219
100 Darter (S.L. Industries),Piston,5.393627546352362,5.3612921657094255,5.2832037287379885,60.0,4.382026634673881,7.170119543449628,7.600902459542082,7.749322464660356,8.039157390473237,7.600902459542082,5.720311776607412,6.07073772800249,7.003065458786462,14.73180128983843
P2006T,Piston,5.3471075307174685,5.389071729816501,5.303304908059076,59.0,4.31748811353631,6.984716320118266,7.696212639346407,7.7406644019172415,7.9724660159745655,7.495541943884256,5.720311776607412,6.07073772800249,6.887552571664617,14.845129975145433
A-36 Bonanza Prop Jet,Piston,5.298317366548036,5.181783550292085,5.14166355650266,54.0,4.1588830833596715,6.966024187106113,7.438383530044307,7.3777589082278725,7.9157131993821155,7.444248649496705,5.69035945432406,6.07073772800249,6.536691597591305,14.436087045689384
1000 Jet Prop,Piston,5.3471075307174685,5.303304908059076,5.25227342804663,57.0,4.31748811353631,6.984716320118266,7.630461261783627,7.731930721948486,7.9724660159745655,7.495541943884256,5.720311776607412,6.07073772800249,6.887552571664617,14.690979295318174
100 Darter (S.L. Industries),Piston,5.298317366548036,5.1647859739235145,5.135798437050262,53.0,4.1588830833596715,6.937314081223682,7.346010209913293,7.346010209913293,7.9157131993821155,7.421177528595393,5.69035945432406,6.07073772800249,6.536691597591305,14.446782334806132
900 Jet Prop,Piston,5.298317366548036,5.081404364984463,5.049856007249537,54.0,4.1588830833596715,6.961296045910167,7.233455418621439,7.487733761436444,7.9157131993821155,7.402451520818244,5.662960480135946,6.040254711277414,6.598509028614515,14.446782334806132
100 Darter (S.L. Industries),Piston,5.298317366548036,5.10594547390058,5.075173815233827,50.0,3.9512437185814275,7.025538314638521,7.346010209913293,7.346010209913293,7.853604813097837,7.3777589082278725,5.627621113690637,6.040254711277414,6.398594934535208,14.566926646648195
"690A, Prop Jet (690 length=43/0 & height=14/11)",Piston,5.19295685089021,5.043425116919247,4.990432586778736,50.0,3.9512437185814275,6.774223886357614,7.1308988302963465,7.4205789054108005,7.83399634170946,7.368339686311381,5.673323267171493,6.040254711277414,6.440946540632921,14.346138809026444
100 Darter (S.L. Industries),Piston,5.19295685089021,4.990432586778736,4.962844630259907,50.0,3.9512437185814275,6.684611727667927,7.240649694255466,7.383989457978509,7.853604813097837,7.329749689041512,5.627621113690637,6.040254711277414,6.490723534502507,14.316285845876763
720 Alti-Cruiser,Piston,5.19295685089021,5.030437921392435,5.0106352940962555,50.0,3.9512437185814275,6.756932389247553,7.240649694255466,7.346010209913293,7.853604813097837,7.329749689041512,5.627621113690637,6.040254711277414,6.490723534502507,14.48333993053993
100 Darter (S.L. Industries),Piston,5.298317366548036,5.14166355650266,5.093750200806762,50.0,3.9512437185814275,7.01211529430638,7.170119543449628,7.21890970761906,7.853604813097837,7.362010551259734,5.627621113690637,6.040254711277414,6.398594934535208,14.446782334806132
685 pressurized,Piston,5.19295685089021,5.10594547390058,5.062595033026967,50.0,3.9512437185814275,6.684611727667927,7.1308988302963465,7.346010209913293,7.853604813097837,7.329749689041512,5.627621113690637,6.040254711277414,6.490723534502507,14.357834848789636
100 Darter (S.L. Industries),Piston,5.19295685089021,5.10594547390058,5.062595033026967,50.0,3.9512437185814275,7.047517221357296,6.956545443151569,7.003065458786462,7.803843303538772,7.329749689041512,5.627621113690637,6.040254711277414,6.61338421837956,14.430696197054507
680 W Turbo II Prop Jet,Piston,5.19295685089021,5.10594547390058,5.056245805348308,50.0,3.5553480614894135,7.047517221357296,6.956545443151569,7.003065458786462,7.803843303538772,7.272398392570047,5.6240175061873385,6.040254711277414,6.240275845170769,14.508657738524219
100 Darter (S.L. Industries),Piston,5.0106352940962555,5.003946305945459,4.962844630259907,50.0,3.5553480614894135,6.802394763324311,7.047517221357296,7.003065458786462,7.803843303538772,7.254884810077338,5.6240175061873385,6.040254711277414,6.484635235635252,14.357834848789636
680 FLP Pressurized Grand,Piston,5.19295685089021,4.852030263919617,4.762173934797756,50.0,3.9512437185814275,6.606650186198215,7.025538314638521,7.003065458786462,7.824046010856292,7.282761179605593,5.627621113690637,6.040254711277414,6.5722825426940075,14.122995257712235
100 Darter (S.L. Industries),Piston,4.499809670330265,4.634728988229636,4.564348191467836,40.0,3.1780538303479458,6.727431724850855,6.859614903654202,6.923628628138427,7.27931883541462,6.856461984594587,5.5134287461649825,5.886104031450156,6.182084906716632,14.038654109278484
680 FL Grand,Piston,4.499809670330265,4.718498871295094,4.68213122712422,39.0,3.1780538303479458,6.461468176353717,7.1308988302963465,7.2078598714324755,7.27931883541462,6.856461984594587,5.480638923341991,5.886104031450156,6.1224928095143865,14.363631966473962
100 Darter (S.L. Industries),Piston,4.174387269895637,4.812184355372417,4.6913478822291435,37.0,2.4849066497880004,6.907755278982137,6.907755278982137,6.907755278982137,6.745236349484363,6.354370040797351,5.351858133476067,5.746203190540153,6.569481420414296,14.47819853103951
100 Darter (S.L. Industries),Piston,5.652489180268651,5.176149732573829,5.111987788356544,48.0,3.6888794541139363,7.226209010100671,6.887552571664617,6.887552571664617,8.106212902619962,7.600902459542082,5.796057750765372,6.0330862217988015,5.814130531825066,14.580978400103845
560 F,Piston,5.560681631015528,5.075173815233827,5.049856007249537,51.0,4.68213122712422,7.047517221357296,6.887552571664617,6.887552571664617,8.106212902619962,7.562681246721884,5.796057750765372,6.023447592961033,6.949856455000773,14.53335035111459
100 Darter (S.L. Industries),Piston,5.560681631015528,5.10594547390058,4.990432586778736,57.0,3.6888794541139363,7.01211529430638,7.003065458786462,7.003065458786462,7.955074273262696,7.575584651557793,5.7899601708972535,5.988961416889864,5.8289456176102075,14.322328160332725
560 A-HC,Piston,5.3230099791384085,4.955827057601261,4.90527477843843,57.0,3.6888794541139363,6.956545443151569,6.802394763324311,7.003065458786462,7.919356190660617,7.485491608030754,5.7899601708972535,5.988961416889864,6.063785208687608,14.26019637922572
560,Propjet,6.745236349484363,5.991464547107982,5.1298987149230735,90.0,7.874739125171811,8.006367567650246,7.874739125171811,7.882314918980268,9.288226910633254,8.881836305004146,6.340359303727752,6.313548046277095,7.465082736399547,15.226497531674536
500 U,Propjet,7.090076835776092,5.598421958998375,5.579729825986222,64.0,5.996452088619021,7.426549072397305,7.7406644019172415,7.512071245835466,9.20230820027892,8.653819788948063,6.340359303727752,6.459904454377535,7.72356247227797,14.914122846632385
500 A,Propjet,6.907755278982137,5.860786223465865,5.811140992976701,56.0,8.247743887225516,8.08394570229562,7.5652752818989315,7.731930721948486,9.396819938918801,8.969032850034301,6.255750041753367,6.349138991379798,7.538494999413465,15.226497531674536
100 Darter (S.L. Industries),Propjet,6.579251212010101,5.7430031878094825,5.662960480135946,89.0,6.359573868672378,7.77485576666552,7.731930721948486,8.02059914989697,9.323669057283185,8.830104317913793,6.255750041753367,6.349138991379798,7.451241684987676,15.091990053076959
520,Propjet,6.579251212010101,5.66988092298052,5.616771097666572,87.0,5.966146739123692,7.71244383427499,8.080237416216702,8.012018239159062,9.323669057283185,8.762333040602343,6.255750041753367,6.349138991379798,7.323170717943469,14.978661367769956
2180,Propjet,6.429719478039138,5.616771097666572,5.598421958998375,77.0,5.945420608606575,7.4673710669175595,7.986164860332727,7.802209316247118,9.156306483483696,8.549466751966532,6.0867747269123065,6.238324625039508,7.197435354096591,14.991083887768513
2150A Kachina,Propjet,6.429719478039138,5.645446897643238,5.594711379601839,75.0,5.945420608606575,7.904703913873747,7.590852123688581,7.8160138391590275,9.104979856318357,8.520786726926367,6.030685260261263,6.238324625039508,7.275172319452771,14.966082585563095
